gene,tmp_id,coefficient,pvalue_coef,intercept,pvalue_corrected
B,chr1_1295260,1.2997196327343303,3.8031793061404395e-12,-6.449858677444116,1.4252439423855044e-09
N,chr1_10117623,-0.9659258109475178,4.672930958640998e-12,11.446220859728086,1.4252439423855044e-09
A,chr1_1047113,-1.1871233817654212,2.371848323242619e-11,4.882044907510295,4.822758257259992e-09
J,chr1_6834638,-1.6887040206339101,7.79392327166592e-11,30.20669316908907,1.1885732989290528e-08
P,chr1_10662707,1.7564514150841728,6.799049981742263e-09,-8.826168360797968,8.294840977725561e-07
M,chr1_9691434,1.5374301029371171,2.369628474789032e-07,-7.379664494098162,2.4091222827021822e-05
L,chr1_8866077,2.3467222767964833,8.130029722482494e-05,-58.550720806072256,0.007084740186734745
T,chr1_12725526,1.0235317583345838,0.00026772527788651747,-9.314139000844706,0.017400730106328418
I,chr1_6644931,-1.5582701595554627,0.00027443653111372605,6.116210376255189,0.017400730106328418
J,chr1_7287491,1.6431113873348302,0.0002852578705955478,-8.092323582624042,0.017400730106328418
E,chr1_2591095,1.7075599971234405,0.0004975941007432849,-5.05864649147819,0.027593854677582158
G,chr1_6121456,1.9657880503110055,0.0006425991317781658,-7.7894351493573595,0.032665455865390096
A,chr1_923684,1.9830669389493325,0.0007446321680626976,-5.825259133163661,0.03455114037004992
T,chr1_12405981,-2.0211295622780256,0.0007929769920995064,8.033990010055152,0.03455114037004992
N,chr1_9971974,-2.8680383146335373,0.0009712555711665567,25.70479339490307,0.03949772656077331
H,chr1_6419664,1.148514997559822,0.0012203097684088293,-5.699505675390619,0.04652430992058662
G,chr1_5928029,1.542051211133012,0.0013172919681576174,-6.033275363557906,0.04726753532800863
L,chr1_9131231,-0.5786927047192041,0.002091628982400728,12.022340940541465,0.070882982181358
N,chr1_9786649,-1.5674965275733137,0.0023303793523677227,39.148225776143526,0.07481744236549004
T,chr1_12385394,-1.1550509237821536,0.0026797171780499245,3.479590907893736,0.0817313739305227
L,chr1_8515642,-0.6048202650544359,0.0037424662674456297,4.263982868633777,0.10870973443532543
A,chr1_983732,-2.3340674523457965,0.004274784123495471,20.889903698494866,0.11852810524237442
J,chr1_7747907,1.237383701496082,0.00526149488026648,-29.604405058293754,0.13954399465054576
G,chr1_5932661,0.9275565928123086,0.005559225051746628,-14.794527655356319,0.1412969700652268
M,chr1_9738488,1.3843850519825704,0.010301228074056683,-5.43371132903159,0.2513499650069831
I,chr1_6533317,-1.2122967538032945,0.011079774036105898,4.803725886945556,0.2599485446932538
C,chr1_1456592,-0.8277400409686599,0.016460309752334156,2.4314863703454384,0.37188107218236427
M,chr1_9575616,0.5715543301833107,0.019170322179955016,-5.079689109504172,0.4176391617775914
F,chr1_3821360,-1.326206403266099,0.020809377573155152,3.8625761495125133,0.4255247546319424
J,chr1_7692359,-1.0995632969571902,0.02092744694911192,4.315785940556973,0.4255247546319424
H,chr1_6219262,-0.831944240769191,0.023095336647090934,3.3173776600671485,0.4544566243459829
I,chr1_6578785,-1.257102443954834,0.028159597288131086,7.574042224827874,0.5367923233049988
M,chr1_9661386,1.4728519137537903,0.03115736955533535,-4.326502496651759,0.5692696428917378
T,chr1_12644062,1.502207600576069,0.03172978337429358,-4.506622801728202,0.5692696428917378
L,chr1_8787017,0.9978195749505999,0.03356943778561917,-3.9039690869942234,0.5850673442636484
G,chr1_5979330,0.7550183844478917,0.0356666921520709,-4.4829216576593565,0.5949461382116377
C,chr1_1985425,-0.8406057769384802,0.036086896907919004,3.236332241213148,0.5949461382116377
G,chr1_5904563,2.3823353655895962,0.03818737655409867,-9.499562270288509,0.6130078867894787
A,chr1_962076,0.922440048782909,0.042217340077483075,-3.620577191472917,0.6603224986478122
B,chr1_1257394,1.046972830165144,0.045666513828570655,-15.639156650591834,0.6800067722592725
D,chr1_2402479,1.15051423859975,0.045705373217426515,-4.573294098434006,0.6800067722592725
F,chr1_3833608,-1.1124274849826985,0.05513354936856558,3.23994505001211,0.8007491694005953
S,chr1_11997039,0.9525909082864266,0.057433411577509516,-18.01587555296703,0.8147530479600188
L,chr1_8962696,0.8531721848458266,0.06222273506910124,-2.463534683742324,0.8626333725489035
G,chr1_6041776,0.6229026118315482,0.06466521195320872,-3.0444365153266926,0.876572873143496
A,chr1_1212597,0.6974870101597594,0.07277652305614855,-6.233790153302848,0.965079979657622
E,chr1_3143814,0.8509516658119444,0.07934574279879586,-3.3080746008439332,0.996646522986351
M,chr1_9751339,0.689388945752921,0.08890820432522366,-3.4038579196550485,0.996646522986351
J,chr1_6904109,-1.4306326231066697,0.09068650627910829,5.650998861271345,0.996646522986351
I,chr1_6602175,-0.6723599618954078,0.09459890826296356,1.9918663871151439,0.996646522986351
O,chr1_10375386,-1.07563794848403,0.0960290516916612,7.47568374196401,0.996646522986351
S,chr1_12270883,0.5846721589274086,0.09651965103177748,-7.513037242217202,0.996646522986351
D,chr1_2347352,0.6873237527272478,0.104759468885491,-2.7063372763635396,0.996646522986351
F,chr1_3778592,-1.4841308758526335,0.10565914101622119,4.396737719713425,0.996646522986351
I,chr1_6646106,0.7420654379145903,0.10565914102192873,-7.364999471302309,0.996646522986351
H,chr1_6419960,1.0679729764503598,0.11060292044684729,-4.258542243595809,0.996646522986351
A,chr1_947065,-0.5922694370197813,0.11566534263881853,2.90212024139693,0.996646522986351
H,chr1_6397260,0.32164262872534716,0.11644283245431418,-4.10898458196631,0.996646522986351
P,chr1_10680830,0.818478105907874,0.12212965148401857,-3.222757542012254,0.996646522986351
B,chr1_1302796,0.310900851913731,0.1233988518738202,-3.7269239623158503,0.996646522986351
P,chr1_10663965,0.6324408339606062,0.1260046394291467,-2.4981412941443955,0.996646522986351
L,chr1_8806525,0.5045014603907153,0.13201432219767809,-2.9576398115405667,0.996646522986351
A,chr1_965316,-1.3750005875286264,0.1348465858298797,4.0734392405535536,0.996646522986351
S,chr1_12191640,0.9311306038372181,0.14514374356372464,-3.7012441502529425,0.996646522986351
L,chr1_8541132,0.6889810840084296,0.14724055619768173,-10.317491733026232,0.996646522986351
H,chr1_6325481,-1.3313213061147624,0.14806951268357002,3.9440393693649827,0.996646522986351
R,chr1_11736112,0.6365457696148995,0.16714343410299035,-2.4984421457384802,0.996646522986351
E,chr1_2556549,0.7684591939429747,0.1672335539678609,-3.0162023362261756,0.996646522986351
A,chr1_1256889,-0.7475874650234297,0.16828642533566524,17.12909779234933,0.996646522986351
Q,chr1_11168212,-0.23246731004281024,0.17225893798651964,3.66717181592533,0.996646522986351
I,chr1_6602242,0.49849260427174263,0.1726175002126796,-2.0251262048539544,0.996646522986351
H,chr1_6351756,-0.5988576659713643,0.17337036319005264,2.328059176463679,0.996646522986351
B,chr1_1341445,-0.26906723360868207,0.17401416123133745,1.3318828063629764,0.996646522986351
G,chr1_6125792,1.1269287565389632,0.17423596885821474,-3.352613050703415,0.996646522986351
F,chr1_5874756,0.5781062170732103,0.17442999471181408,-2.2257089357318582,0.996646522986351
T,chr1_13420683,0.7370352868559747,0.17452922607263952,-2.8836505598240008,0.996646522986351
C,chr1_1860713,-0.5962993387278236,0.1752608377704528,5.374147790284508,0.996646522986351
P,chr1_10977486,0.7622493638461229,0.17631888785393304,-3.7826624680863867,0.996646522986351
B,chr1_1315202,0.7930548965658818,0.17682305636542997,-3.102827282814012,0.996646522986351
B,chr1_1420963,0.6320848910420636,0.17876160918551656,-3.12091914952019,0.996646522986351
B,chr1_1358547,0.6294257597733938,0.18033771291948592,-2.4547604631162363,0.996646522986351
J,chr1_7467770,-0.7454101427556834,0.18066922889552897,5.1619652385831065,0.996646522986351
B,chr1_1263832,0.5948099509433946,0.18729635183193147,-6.461123092122623,0.996646522986351
J,chr1_7746258,0.7093720551125554,0.18962927072072172,-2.819753919072407,0.996646522986351
E,chr1_3069057,-0.5944898272930559,0.18981583921789327,4.703900758456306,0.996646522986351
R,chr1_11800971,-0.5806712023709751,0.19343358568329205,2.264617689246803,0.996646522986351
Q,chr1_11069700,-0.41948050738028236,0.19990699630954234,2.516883044281693,0.996646522986351
I,chr1_6587557,0.62530580187453,0.20434497415629305,-3.728385843676884,0.996646522986351
H,chr1_6380271,-0.7256572461018695,0.2058579335512708,2.857275406526111,0.996646522986351
P,chr1_10442082,0.24419344244112956,0.20907639545589538,-4.831977742303852,0.996646522986351
A,chr1_1204502,-0.5135034415470576,0.2148671049558039,2.5225856565999205,0.996646522986351
N,chr1_9997162,0.5879974924783696,0.21953894336207172,-2.3005401893216213,0.996646522986351
A,chr1_1111533,0.47689125953255085,0.21995086053621682,-2.330806030965342,0.996646522986351
E,chr1_3558262,0.4297673386369097,0.22076686289107553,-1.6438600702861796,0.996646522986351
J,chr1_7287161,0.5131224580330578,0.22326291887741243,-2.50788601363657,0.996646522986351
B,chr1_1269461,-1.1241945495025678,0.22382909412872332,17.94495549643474,0.996646522986351
C,chr1_1626606,0.7901389359395452,0.22545014994077037,-3.1210487969612037,0.996646522986351
R,chr1_11797197,1.0274015031177415,0.22872870017766284,-20.496659987198953,0.996646522986351
R,chr1_11673432,0.7777056665434414,0.2329797183632168,-3.0719373828465955,0.996646522986351
D,chr1_2458070,-0.34533448965319297,0.23451646116361713,1.7050890426626397,0.996646522986351
A,chr1_943675,-0.7602608925904782,0.23949948935766963,2.214259849669767,0.996646522986351
G,chr1_6073883,-0.7925692031712075,0.24001390162639022,2.367800494473981,0.996646522986351
R,chr1_11502919,-0.7222908340119284,0.24071280329779446,2.8620774297722664,0.996646522986351
K,chr1_7841289,0.746091677821024,0.24547662644867613,-10.426631197548808,0.996646522986351
K,chr1_8356001,0.449992177135748,0.2476077996194794,-2.1993367657509686,0.996646522986351
K,chr1_7755515,1.066867562043653,0.24881472290201695,-3.160595152554322,0.996646522986351
F,chr1_4773139,0.6378005487397076,0.25356528903308284,-5.692369897501885,0.996646522986351
T,chr1_12594281,-0.7611438252406175,0.25616240901201476,2.2263456888288053,0.996646522986351
C,chr1_1757010,0.9629643062081218,0.2598232360306625,-3.803709009522082,0.996646522986351
C,chr1_1815273,1.0195790766261215,0.26081312782933724,-4.091061044962311,0.996646522986351
Q,chr1_11091666,-0.375502067461309,0.2626612618798886,1.07018089226473,0.996646522986351
T,chr1_12337989,0.24599963991277243,0.26615686585652637,-3.6407946707090293,0.996646522986351
C,chr1_1988825,0.6182351649646638,0.26867466193165535,-2.4265730224863056,0.996646522986351
G,chr1_5902176,1.022471035554511,0.26940491570122027,-3.0290704428302395,0.996646522986351
S,chr1_12097231,-0.4068231375943797,0.27398859849658874,1.6476337072572371,0.996646522986351
O,chr1_10168892,-0.44158500979499227,0.27543093967915105,7.0708799693423146,0.996646522986351
L,chr1_8497805,0.7776280201931438,0.2770602238886697,-3.1105120807725744,0.996646522986351
F,chr1_4712267,-1.0021502216958738,0.2791931882525944,2.9688700317740255,0.996646522986351
E,chr1_3479547,-0.2486958310094498,0.2853720776946985,1.0072181155882718,0.996646522986351
Q,chr1_11122014,0.48960089030660314,0.2854508066910622,-1.8972034499380876,0.996646522986351
J,chr1_7082441,0.47695642537035715,0.29483365509074433,-6.158699842594736,0.996646522986351
F,chr1_3826789,-0.5532558490682904,0.30025922463051447,1.6251890566381022,0.996646522986351
F,chr1_3844699,-0.3935976663337361,0.30027983569481637,3.5030192303702514,0.996646522986351
D,chr1_2135697,-0.6733318200485533,0.3029298383880565,2.6596606891917847,0.996646522986351
H,chr1_6350266,0.6940896928170084,0.3045469279135724,-3.46177234292483,0.996646522986351
A,chr1_973063,-0.4836436896312647,0.30600794771431017,1.9043470279231043,0.996646522986351
H,chr1_6396554,-0.6419906402207509,0.3072689382046388,14.725660310063471,0.996646522986351
C,chr1_1816337,-0.4084763919856316,0.30849523985188476,1.5828460189443225,0.996646522986351
S,chr1_12142535,0.6555509762899729,0.30850990762597796,-1.9502641544626695,0.996646522986351
G,chr1_6132252,0.5708180507957399,0.31006040214470637,-2.276136977548013,0.996646522986351
A,chr1_1243098,-0.5708180507957392,0.31006040214470715,2.2904074288179035,0.996646522986351
D,chr1_2402056,0.4763145152371404,0.31316511084994547,-1.8576266094248484,0.996646522986351
S,chr1_12063894,-0.9325062256895132,0.3144801864860107,2.762549693605182,0.996646522986351
G,chr1_6142333,0.457477739652451,0.3174623108349353,-1.807037071627181,0.996646522986351
N,chr1_9884686,-0.6260941129396561,0.3195676133322606,2.4652455696998956,0.996646522986351
F,chr1_3729422,-0.7530074355492744,0.3220574536787899,2.9555541845309024,0.996646522986351
S,chr1_11984307,0.5995292833206177,0.32704123913018157,-2.40561124932398,0.996646522986351
S,chr1_12096790,0.2867458953348996,0.3270502242413782,-2.541285497405547,0.996646522986351
G,chr1_5962496,0.36457376813834136,0.3295662532753575,-1.389937491027426,0.996646522986351
P,chr1_10467515,-0.33024701778974763,0.32973050289675554,4.594561634999863,0.996646522986351
E,chr1_2609871,0.6337258537916087,0.33265283262781653,-2.503217122476855,0.996646522986351
F,chr1_3825871,-0.544745527504385,0.33297938421322193,1.5729527106689116,0.996646522986351
T,chr1_12414766,0.4216195047706256,0.3393841089704672,-2.076476060995331,0.996646522986351
H,chr1_6192699,0.317776372415239,0.3404941994567381,-4.413119371916633,0.996646522986351
R,chr1_11944423,-0.5188046205000496,0.34221133092581657,10.330697005707236,0.996646522986351
G,chr1_5947875,-0.27173998719684367,0.3456898268753591,2.4116923863719872,0.996646522986351
L,chr1_9108260,-0.6074822607243064,0.3458077837951672,4.237188768552037,0.996646522986351
O,chr1_10232088,-0.5420065712729467,0.3470146842987831,2.134150874387227,0.996646522986351
T,chr1_12572764,-0.5162789589537813,0.3477148669548027,2.0393018878674356,0.996646522986351
M,chr1_9743527,-0.44868253702970334,0.3508696659647009,1.7554704261287142,0.996646522986351
C,chr1_1933186,-0.3572621482285253,0.35314680206720317,6.042196081914935,0.996646522986351
T,chr1_12308649,-0.8418899447514677,0.3544497301940913,12.617825546962623,0.996646522986351
C,chr1_1919158,0.4526138982894621,0.35604755290594026,-1.7765095507861388,0.996646522986351
G,chr1_5881594,0.3311763738702213,0.3634990015978551,-1.3288452001542628,0.996646522986351
G,chr1_5902096,-0.5709877106523853,0.3645534792664409,2.248264110693767,0.996646522986351
R,chr1_11533738,0.7561688809377758,0.3651965407487695,-3.7619401826654357,0.996646522986351
I,chr1_6474946,0.28640330695505545,0.36609752335268797,-1.9726027766529453,0.996646522986351
Q,chr1_11070070,-0.3529120294030442,0.36800069706603467,5.986270298749138,0.996646522986351
D,chr1_2169262,-0.3578880149191407,0.36833221750020717,1.4315520596765625,0.996646522986351
H,chr1_6225471,-0.5157138663279313,0.37117569917551996,2.0306233486662295,0.996646522986351
M,chr1_9576334,0.2895458090071392,0.37215046150138176,-1.1364673003530208,0.996646522986351
F,chr1_3836469,-0.2918814868489047,0.37263280755107575,6.975967535688822,0.996646522986351
T,chr1_12338370,-0.32607714217580286,0.37554011554362554,3.2281637075404492,0.996646522986351
M,chr1_9662697,0.3299766303831529,0.3762378166651268,-3.283267472312373,0.996646522986351
R,chr1_11660945,-0.3932206175416931,0.3770397799871382,5.047969677691486,0.996646522986351
Q,chr1_11017199,0.204093477365232,0.37929320680313505,-4.459442480430319,0.996646522986351
E,chr1_3186581,-0.3692201638909629,0.3831289506885599,1.481495907612489,0.996646522986351
R,chr1_11275975,0.4789646712095088,0.3840585293857878,-1.8919104512775593,0.996646522986351
B,chr1_1309407,0.4982116741951301,0.3873163989244245,-1.4448138551658767,0.996646522986351
F,chr1_3782642,-0.387331531290573,0.3886702870553177,1.5105929720332347,0.996646522986351
F,chr1_3756929,0.4251597045885511,0.39089122250919905,-1.6846953294321345,0.996646522986351
B,chr1_1343713,-0.7951307042071799,0.3919464873631747,2.35557471121377,0.996646522986351
E,chr1_2598811,0.4567561439789815,0.39352774944435165,-6.366038756707054,0.996646522986351
Q,chr1_11146797,0.28171334267139037,0.3947229307176351,-1.3522240448226737,0.996646522986351
R,chr1_11674321,0.590040264213909,0.40023887137795766,-1.733243276128357,0.996646522986351
P,chr1_10521178,0.4298463309052061,0.4003222702185111,-1.251927438761412,0.996646522986351
L,chr1_8515866,-0.2834402069496511,0.4023317316428052,1.6616682132423284,0.996646522986351
R,chr1_11806287,0.3042586600477869,0.4042043439841029,-3.0387833672272726,0.996646522986351
P,chr1_10599816,0.46803285326862937,0.4062985296470898,-1.4099489704717458,0.996646522986351
E,chr1_3176153,0.0988274196251642,0.4072018690469995,-0.990744881742271,0.996646522986351
O,chr1_10370976,0.4429110732308498,0.4160870783483497,-1.760571516092628,0.996646522986351
T,chr1_12715774,0.4760716913061307,0.4166944189874201,-1.4282150739183916,0.996646522986351
K,chr1_8325426,0.3381151416586598,0.4168438922264942,-3.3515663416914663,0.996646522986351
D,chr1_2192907,0.20587101807447733,0.4176869981438578,-1.1889051293801065,0.996646522986351
R,chr1_11706202,0.5285982280741464,0.4199394311007888,-2.087963000892878,0.996646522986351
J,chr1_6869189,-0.2674793150492216,0.4224032294146596,1.049856311568195,0.996646522986351
L,chr1_9324669,-0.3795905075091058,0.4226757224202423,1.480402979285513,0.996646522986351
L,chr1_8661666,-0.32644209861705376,0.42721711252725547,1.5995662832235635,0.996646522986351
H,chr1_6154769,-0.5562441523856777,0.4280145555829311,2.1902113500186062,0.996646522986351
H,chr1_6215332,-0.31099412762693235,0.4314459069261153,5.551245178140741,0.996646522986351
F,chr1_3835161,0.27618013245741585,0.43900253560757097,-3.8389038411580803,0.996646522986351
C,chr1_1759200,-0.3591579590780185,0.4412190252939383,1.4321423618235987,0.996646522986351
R,chr1_11826068,0.21682648767792542,0.45151428260824633,-2.5829455344632852,0.996646522986351
A,chr1_1223032,0.413548237063975,0.4529014763705169,-2.088418597173074,0.996646522986351
E,chr1_2629381,-0.23507520598013537,0.45556288334044626,1.633772681561941,0.996646522986351
H,chr1_6464415,0.40531635651201603,0.45707974878794655,-1.2058161606232467,0.996646522986351
H,chr1_6153172,0.3102372592866601,0.459241996833438,-1.202169379735808,0.996646522986351
C,chr1_1540350,-0.6873038066969769,0.45985887131782255,2.7234413340367705,0.996646522986351
S,chr1_12167701,-0.5179384214917424,0.4607587170562235,2.0393825346237358,0.996646522986351
C,chr1_1787642,0.3488405391287402,0.46182913562062233,-1.3735596228194147,0.996646522986351
S,chr1_12207363,-0.2069985145448936,0.4627387864859511,1.4205273060643322,0.996646522986351
B,chr1_1326213,-0.6825104839237216,0.46301734063665023,2.0219373086240244,0.996646522986351
A,chr1_948123,-0.8629520258695025,0.4639152020471671,3.4410212031546403,0.996646522986351
D,chr1_2055288,0.35394964838781495,0.4649845270859644,-1.398101111131869,0.996646522986351
S,chr1_12117013,0.6065685419835062,0.46848937038398053,-1.8045414124009302,0.996646522986351
R,chr1_11255847,0.36845457252852887,0.4715135489503981,-6.9683971029458025,0.996646522986351
I,chr1_6636992,-0.3238177868794937,0.4717734074715584,1.2628893688300258,0.996646522986351
T,chr1_12456155,-0.5995044657111785,0.4852624729551839,2.368042639559155,0.996646522986351
E,chr1_3595135,0.6449924825845966,0.48813551933943367,-2.555782712241463,0.996646522986351
J,chr1_7531172,-0.4530544175377248,0.489903104451328,3.148728201887188,0.996646522986351
B,chr1_1406355,0.32078526672237057,0.49046105939547646,-3.825364305664267,0.996646522986351
R,chr1_11822569,0.640579448945467,0.49113566175568946,-2.5382960664464114,0.996646522986351
Q,chr1_11130247,-0.2437186556946085,0.4912145118644581,1.4348935854020066,0.996646522986351
P,chr1_10450393,0.25906819927006014,0.492774934050224,-1.5252640232024786,0.996646522986351
A,chr1_1043875,0.25471684377248277,0.49330854224252296,-1.2799521399567255,0.996646522986351
S,chr1_12236390,-0.39312799005421784,0.4963941910291374,3.5135814111095693,0.996646522986351
C,chr1_1975191,-0.29170219936830033,0.4973766581699238,1.1485774100126827,0.996646522986351
A,chr1_1090878,0.4281250598401504,0.4976322297619422,-1.6857424231205917,0.996646522986351
G,chr1_6132881,0.4724790249650109,0.5012989945458118,-7.057655435414848,0.996646522986351
E,chr1_3402777,-0.3121749302002119,0.5036608379736784,1.2135800411533237,0.996646522986351
O,chr1_10180297,-0.24302083281129,0.5051075588986575,2.168960932840764,0.996646522986351
M,chr1_9610013,0.25218962600303396,0.5086869013295464,-0.9709300601116804,0.996646522986351
O,chr1_10294861,-0.38983496278432117,0.5138486369915507,1.5398481029980688,0.996646522986351
B,chr1_1374607,0.3254876580477819,0.517237239565421,-1.6070953116109232,0.996646522986351
E,chr1_3557026,-0.2602604601162012,0.5173313406053865,1.3143153235868164,0.996646522986351
S,chr1_12005849,-0.26037826348852444,0.5179648218926098,1.008965771018032,0.996646522986351
D,chr1_2029061,-0.4209865492895472,0.5213206544624742,1.2419103204041635,0.996646522986351
Q,chr1_11108986,0.351098822099237,0.5217339769746614,-1.3736741414632643,0.996646522986351
S,chr1_12290722,-0.1601830015641033,0.5255651598866216,2.5449074373496927,0.996646522986351
Q,chr1_11034701,0.22409973373197356,0.5269592472628433,-3.1121850522027823,0.996646522986351
K,chr1_8352652,-0.37911638763501676,0.5346629514034709,1.488031821467441,0.996646522986351
Q,chr1_11156985,0.32855373584213404,0.5347233648775053,-1.3018941782744566,0.996646522986351
P,chr1_11013504,-0.5333589516950272,0.534965891630278,1.5734089075003288,0.996646522986351
T,chr1_12358004,-0.19464282314298534,0.5353248141668084,3.087521782105606,0.996646522986351
D,chr1_2503726,-0.15771991647639194,0.5354162294963507,0.6348226638174777,0.996646522986351
O,chr1_10278252,-0.2589788455590557,0.5371506132808055,1.2625218721003963,0.996646522986351
K,chr1_7977758,-0.2145276280477546,0.53863303297388,0.8581105121910182,0.996646522986351
E,chr1_3476033,-0.4018310528731626,0.540550752552319,1.587232658848992,0.996646522986351
J,chr1_7086263,-0.14572776764847656,0.5411554830565575,0.5592303083510286,0.996646522986351
P,chr1_10466666,0.3945314997318379,0.5417488328548241,-3.9354517098250823,0.996646522986351
R,chr1_11963709,-0.5661787848758095,0.5431118805709851,2.809662219946206,0.996646522986351
K,chr1_7925303,0.12769228345276445,0.544790178231084,-1.6376535352817043,0.996646522986351
D,chr1_2379282,-0.25665396578445265,0.5454076521098898,1.254396257771512,0.996646522986351
F,chr1_3717610,0.3064236517930033,0.5497336157237711,-1.198882537640125,0.996646522986351
E,chr1_3473423,0.2646141413511556,0.5502437181145863,-1.0386105048032857,0.996646522986351
T,chr1_12726343,-0.27798388853629524,0.550444773489642,1.091086762504959,0.996646522986351
M,chr1_9567028,-0.20509480012369766,0.5510925887064742,3.258443636965246,0.996646522986351
O,chr1_10291710,-0.16974124475499086,0.5514310738584463,2.3572815365349347,0.996646522986351
S,chr1_12260416,0.19808515001879862,0.5532029098672934,-1.9957078864393965,0.996646522986351
B,chr1_1390720,-0.5495717115787778,0.5550617190432205,4.925536465024793,0.996646522986351
J,chr1_7352210,-0.8442815325584792,0.5573534331405159,3.3771261302339153,0.996646522986351
C,chr1_1629642,0.3601534394417134,0.557638238583206,-1.4451156757598749,0.996646522986351
B,chr1_1333612,0.29417663061066684,0.5585406397461478,-2.0408503748615012,0.996646522986351
D,chr1_2018335,-0.2931356154011914,0.5596390512428873,3.195178207872986,0.996646522986351
I,chr1_6619484,0.3812242477448832,0.5616104940579858,-1.5058357785922885,0.996646522986351
A,chr1_1043044,-0.2648178873550988,0.5627955351381149,1.0360999842768241,0.996646522986351
M,chr1_9573457,-0.32685938418114724,0.5628776580663273,3.9263983524760313,0.996646522986351
Q,chr1_11134061,0.19609410283126072,0.5643752333185561,-2.335970999977392,0.996646522986351
Q,chr1_11167246,-0.1476845902304796,0.5646770072122516,2.937077288208663,0.996646522986351
O,chr1_10400660,0.14087334009737193,0.5653470244599343,-1.5337584903101373,0.996646522986351
L,chr1_8971241,0.31206630251593925,0.566123293758469,-1.248265210063757,0.996646522986351
L,chr1_9087846,0.3739387425317845,0.5691461233502756,-2.598874260595903,0.996646522986351
R,chr1_11692144,0.34834146783462283,0.5706882327532778,-1.389011602990558,0.996646522986351
L,chr1_9241192,-0.22180574998523594,0.5713594721863264,0.8844504280661287,0.996646522986351
N,chr1_10008054,-0.2631792760188031,0.5719687944651242,3.6647714185618305,0.996646522986351
M,chr1_9743725,0.10876546886980318,0.5723643967817909,-1.3921980015334805,0.996646522986351
T,chr1_12379772,-0.20338324630943294,0.5724644146930862,3.0456641134837543,0.996646522986351
F,chr1_3637332,-0.37020321494399117,0.573027783409258,1.462302699028765,0.996646522986351
B,chr1_1326827,0.22014980769310963,0.5742478300899934,-0.8778473581762742,0.996646522986351
D,chr1_2216127,0.212564934739113,0.5753088170346029,-1.070795858748282,0.996646522986351
C,chr1_1793065,0.12355486455400584,0.5754631067619291,-1.596946624360526,0.996646522986351
Q,chr1_11090661,-0.2847473522674602,0.5769329485374945,1.1318707252631537,0.996646522986351
M,chr1_9738278,0.2604262364352151,0.5792917139505409,-1.2923651983097555,0.996646522986351
K,chr1_7755327,-0.22437854189575257,0.580742645777236,5.817013698647388,0.996646522986351
B,chr1_1285956,-0.28754370149806086,0.5830346020715704,2.2787838343721316,0.996646522986351
Q,chr1_11020913,-0.21614426381266566,0.5855131694245591,2.364077885451032,0.996646522986351
T,chr1_12384617,-0.23819523002536142,0.5865351490910784,1.4172616186509002,0.996646522986351
O,chr1_10334296,0.3057663240218926,0.5866516278581624,-1.200132821785929,0.996646522986351
N,chr1_9997347,-0.25400361505159735,0.5867333767063598,1.0128394150182438,0.996646522986351
O,chr1_10297149,0.12958334676906633,0.588104459158459,-2.211015854247193,0.996646522986351
P,chr1_10976334,0.14613491605188209,0.5885450123606114,-2.606681565075447,0.996646522986351
E,chr1_3457878,0.3412068240792503,0.5892519995608436,-1.3435018698120476,0.996646522986351
A,chr1_1182416,-0.44301494852843376,0.5939797026017215,1.7720597941137344,0.996646522986351
T,chr1_12643017,0.3448057291513834,0.5997327670534499,-1.3619826301479647,0.996646522986351
S,chr1_12254204,0.1916800553104745,0.6002616035814848,-0.7691162219332793,0.996646522986351
G,chr1_5962174,0.21241592534478784,0.6011525165194194,-1.0461484323230803,0.996646522986351
I,chr1_6643879,-0.1911400904324979,0.6024734303536827,1.8803406396296984,0.996646522986351
P,chr1_10587445,0.48521000075298215,0.6025022644737528,-1.9226446279836908,0.996646522986351
H,chr1_6469123,-0.32873352054817906,0.6029870093419663,6.225391045381138,0.996646522986351
B,chr1_1313383,-0.2975677078942793,0.6071406933099334,1.1716728498337248,0.996646522986351
T,chr1_12401458,0.22990735876607643,0.6100311198246158,-0.896638699187698,0.996646522986351
H,chr1_6211066,-0.33444034737597833,0.61078486258534,1.3210393721351148,0.996646522986351
E,chr1_2526786,-0.15808795269329415,0.6152549642012439,0.6363040095905091,0.996646522986351
K,chr1_8337800,0.2902715949219367,0.6156552337196091,-0.8417876252736164,0.996646522986351
R,chr1_11674661,0.27354316378055266,0.6164558102878499,-1.0873340760276966,0.996646522986351
G,chr1_6094505,-0.289774007169629,0.6166196789719083,1.140985153230414,0.996646522986351
E,chr1_3336459,0.22920692474215332,0.6166571699522845,-1.125979017795828,0.996646522986351
O,chr1_10324654,0.17366960474188903,0.6215482440133819,-2.2359961610518213,0.996646522986351
K,chr1_7920649,-0.16614164216205063,0.6225275376526271,2.4672033861064513,0.996646522986351
B,chr1_1361658,0.30462308930549103,0.6233769454228159,-1.2299157230709197,0.996646522986351
I,chr1_6575513,0.30529407285169163,0.6291634989456745,-1.2020954118535354,0.996646522986351
Q,chr1_11090761,-0.4375546566271792,0.631756515021906,3.9434613428524528,0.996646522986351
A,chr1_1051937,-0.314303290572456,0.6324994093842913,1.2414979977612013,0.996646522986351
H,chr1_6233852,0.19794525282021014,0.6355379994481876,-0.576515548838862,0.996646522986351
O,chr1_10324143,0.18849632663509452,0.6369530300870195,-0.7539853065403783,0.996646522986351
N,chr1_9779852,-0.20058477560754595,0.6383220224317593,3.0012497050279054,0.996646522986351
D,chr1_2286739,-0.16972761487874366,0.6394304601198206,0.500696463892293,0.996646522986351
N,chr1_10059809,-0.17130806851004493,0.6407582283819778,1.5353485640212776,0.996646522986351
S,chr1_12138147,-0.6700490411565723,0.6417250684656262,6.700490411565721,0.996646522986351
S,chr1_12009576,-0.15820082137350067,0.6430216224184837,0.6248932444253269,0.996646522986351
B,chr1_1398452,-0.30307149170233577,0.6447461067780833,2.7124898507359045,0.996646522986351
D,chr1_2480493,0.2046900179411737,0.6468896271438014,-0.6217459294963149,0.996646522986351
Q,chr1_11047358,-0.15045636466014653,0.6492665703093305,0.455130503096943,0.996646522986351
S,chr1_12279554,0.287078303862955,0.6498220650128721,-1.1303708214603854,0.996646522986351
M,chr1_9662168,-0.15932170482626795,0.650724258411819,1.8919452448119316,0.996646522986351
P,chr1_10654659,0.14392340195166456,0.6533321398427401,-0.5541050975139082,0.996646522986351
M,chr1_9731627,0.2950323461303042,0.6535690739151443,-1.1653777672147017,0.996646522986351
E,chr1_3490969,-0.3050448128408071,0.6536620422169096,1.2163661912027186,0.996646522986351
L,chr1_8737156,-0.10946542349883376,0.6541188183197194,0.9715056335521499,0.996646522986351
H,chr1_6378900,0.14298149720416647,0.6555594830715097,-2.0106773044335906,0.996646522986351
C,chr1_1860057,-0.6391591215071944,0.6572016081144845,5.75243209356475,0.996646522986351
Q,chr1_11037046,0.21935334346541052,0.6572570451058177,-0.6553181136029136,0.996646522986351
K,chr1_7826213,0.2798451139411249,0.6580985977462595,-1.1018901361431788,0.996646522986351
T,chr1_12318606,0.1261011891835835,0.6584783128562659,-1.1207243188690983,0.996646522986351
F,chr1_4669523,-0.41171608277367444,0.6587095757657917,1.21970889521701,0.996646522986351
O,chr1_10321411,0.11012906740269986,0.6610289466036859,-0.9815253132265624,0.996646522986351
S,chr1_12268250,-0.12918368911320127,0.6620385232589545,2.696709510238077,0.996646522986351
N,chr1_10148226,-0.17959748494162564,0.6631778766353575,2.676002525630221,0.996646522986351
F,chr1_3852508,0.205188292794154,0.6658889543514177,-0.8079289028769813,0.996646522986351
P,chr1_10536198,-0.4020967028920224,0.6662141489615248,1.9954048881016617,0.996646522986351
E,chr1_3408876,0.08587861559417785,0.6681811973359622,-0.5850480687353368,0.996646522986351
F,chr1_4712523,-0.12218143527297068,0.6690893759903337,1.3241413047708197,0.996646522986351
A,chr1_1228828,-0.3898325747946819,0.6694882659933876,1.164624817199112,0.996646522986351
G,chr1_6084810,0.19881072767441405,0.6697165383226931,-2.569628655191802,0.996646522986351
I,chr1_6652430,0.2341302171528905,0.6716692186283452,-0.9248143577539175,0.996646522986351
R,chr1_11259172,0.2867401015774133,0.6732507860777364,-2.577076662927001,0.996646522986351
D,chr1_2410326,-0.23519082952749215,0.6760464627910022,0.9231240058954064,0.996646522986351
A,chr1_1043493,0.18080180223605902,0.6773759870428189,-0.6983469611367782,0.996646522986351
I,chr1_6632214,-0.20073390928581958,0.6778265402485613,2.7927105129389647,0.996646522986351
B,chr1_1293963,-0.18211878032339884,0.6784937015354182,0.7057102737531706,0.996646522986351
O,chr1_10324987,-0.1665005659446166,0.6798138927559888,1.477692522758472,0.996646522986351
S,chr1_12194040,-0.2700168422383008,0.6813178168779032,1.0665665268412876,0.996646522986351
C,chr1_1859484,0.2321364088492075,0.6814773081941861,-0.6993109316582373,0.996646522986351
C,chr1_1804306,0.09888459506152686,0.6891971467843254,-0.49195086043109615,0.996646522986351
Q,chr1_11059289,0.25975129862007185,0.6928284801057802,-1.0260176295492838,0.996646522986351
R,chr1_11772046,0.2597512986200699,0.6928284801057827,-1.0260176295492762,0.996646522986351
E,chr1_3467157,0.3580580478384625,0.6950700819734354,-1.427756465755869,0.996646522986351
I,chr1_6613797,0.2993517267263515,0.6979952131124855,-1.4930167370476786,0.996646522986351
E,chr1_3477562,-0.1836731600956544,0.6989870379168672,0.716325324373052,0.996646522986351
D,chr1_2515793,-0.30985145594204655,0.7010029148160666,1.529891563713854,0.996646522986351
M,chr1_9665753,-0.11802291284278418,0.7015370960740911,1.4059479492396665,0.996646522986351
N,chr1_9982962,0.549200961421969,0.703063000534748,-2.196803845687876,0.996646522986351
Q,chr1_11076346,0.19539004946303512,0.7032972724978189,-2.7183640631544748,0.996646522986351
I,chr1_6554118,0.045477747620508734,0.7068305685595125,-0.19271195554190582,0.996646522986351
D,chr1_2025850,0.20257307037632388,0.709907666425295,-0.6077192111289713,0.996646522986351
G,chr1_6146726,-0.11685668678927158,0.7104726873345621,0.47034816432681814,0.996646522986351
J,chr1_7191952,-0.1779866228409739,0.7109423561118834,0.7119464913638954,0.996646522986351
L,chr1_9073765,-0.21977677977160753,0.7112996425290146,0.6400998710848068,0.996646522986351
E,chr1_2587714,-0.13675457122086251,0.7113528300384017,0.5265050992003206,0.996646522986351
C,chr1_1980778,0.16658538206000606,0.7119416579967652,-0.6496829900340236,0.996646522986351
R,chr1_11838205,0.18935126515232864,0.7120680141856472,-0.7408368249084855,0.996646522986351
A,chr1_1244283,0.23815773937930323,0.7130631216491199,-0.9466770140327304,0.996646522986351
C,chr1_1752910,-0.3420720867673067,0.7137442988145455,3.065821077651986,0.996646522986351
M,chr1_9612941,-0.09586881402965435,0.7146887042812347,0.2935982429658164,0.996646522986351
J,chr1_7550014,-0.20371014767693152,0.7174814929552362,0.7995623296319563,0.996646522986351
R,chr1_11658325,-0.23558359368610585,0.7201937227845052,0.930555195060118,0.996646522986351
P,chr1_10966325,0.08947789486308816,0.7221122867280824,-1.6061282127924321,0.996646522986351
Q,chr1_11056875,0.07641583427552254,0.7223619957156384,-1.5827629674317594,0.996646522986351
O,chr1_10346070,-0.20492566587038913,0.7235212800796804,0.8068948093646575,0.996646522986351
Q,chr1_11074414,0.07343064940413632,0.7241823968178609,-1.0115071955419785,0.996646522986351
K,chr1_7844034,0.0750405597470348,0.7245134649188469,-0.6791170657106647,0.996646522986351
F,chr1_3836305,0.15442223292337487,0.7247005864554099,-2.926301313897952,0.996646522986351
N,chr1_9972495,0.06900733402962661,0.7253913493490869,-1.0213085436384737,0.996646522986351
G,chr1_5944961,0.14133229628264454,0.7256586237710325,-0.5723957999447107,0.996646522986351
I,chr1_6689775,-0.19729495441584924,0.7260286404512544,2.9446271946565497,0.996646522986351
H,chr1_6284092,0.1664202994037013,0.7261113567606059,-0.6490391676744348,0.996646522986351
I,chr1_6580523,0.13690006231226481,0.7271588670097731,-0.5321989922389296,0.996646522986351
I,chr1_6667744,-0.32355630485350784,0.7286340166556543,1.9292044676890396,0.996646522986351
K,chr1_8029740,-0.4098652806670325,0.7286652373868163,5.323125332663082,0.996646522986351
P,chr1_10451274,0.19105707368116076,0.7295367337454783,-2.0920749568087107,0.996646522986351
N,chr1_9932102,-0.12844178908711598,0.7300436837745252,2.037407879394377,0.996646522986351
L,chr1_8467571,0.16656339112687032,0.7304033703119287,-0.6516792677838801,0.996646522986351
I,chr1_6470492,0.15407256721917317,0.7327505537614603,-0.6008830121547752,0.996646522986351
F,chr1_3727197,-0.21301654464687642,0.7363631137898038,0.8387526445470755,0.996646522986351
C,chr1_1959266,-0.16452977357441365,0.738500241303929,1.6329580027260562,0.996646522986351
H,chr1_6192907,0.2109053643263777,0.7388839180547326,-1.0413452363614897,0.996646522986351
I,chr1_6678427,0.21780253441360664,0.7405516533597127,-0.8603200109337463,0.996646522986351
I,chr1_6625174,-0.20549037152662283,0.740666069878762,0.8142555971742429,0.996646522986351
O,chr1_10334943,0.19173326931514387,0.7406833845439209,-2.6722824410798176,0.996646522986351
E,chr1_3562167,-0.17705977428172237,0.7418604792285506,0.6971728612342816,0.996646522986351
D,chr1_2007630,0.11073711677349583,0.7431371290167376,-3.2044553166330356,0.996646522986351
G,chr1_6134913,-0.15269545923054306,0.7433381347761674,0.5993296774798813,0.996646522986351
R,chr1_11276326,0.213524474630281,0.745476443550591,-2.978666421092421,0.996646522986351
M,chr1_9610488,0.3018757405606588,0.7461941158899952,-1.19618262197161,0.996646522986351
N,chr1_9869364,-0.20843127318349258,0.7476225064618068,1.0369455840878756,0.996646522986351
F,chr1_3848532,0.3774198046999212,0.7494221965413564,-6.03399912763999,0.996646522986351
P,chr1_10736285,0.17419134678009038,0.7499990523544193,-0.6924106034508593,0.996646522986351
G,chr1_5918110,-0.10654167061041916,0.7505892307378386,0.3209567827138878,0.996646522986351
C,chr1_1917612,-0.18367671898641114,0.7558985002725542,0.7301149579709842,0.996646522986351
O,chr1_10362018,0.18226845252233254,0.7577135194264655,-0.5513620688800563,0.996646522986351
J,chr1_7578778,-0.08790090337552427,0.7581530766473674,0.429615665247875,0.996646522986351
J,chr1_7732090,-0.1828600724813993,0.7581922962429776,0.5325799611020757,0.996646522986351
M,chr1_9598742,-0.286891462233761,0.7584055648866674,1.1368074191012778,0.996646522986351
S,chr1_12192847,0.14359518673377444,0.7589304007124551,-0.5725858071009253,0.996646522986351
P,chr1_10784555,0.09780016589340108,0.7621872632287126,-0.38264314905793173,0.996646522986351
F,chr1_4787271,-0.17002431536786577,0.7627173686372107,0.6673454378188735,0.996646522986351
C,chr1_1972842,0.20453340740724074,0.7637051247665354,-1.0201103694436129,0.996646522986351
P,chr1_10588220,0.14262573600514866,0.7642172321647046,-1.5599689875563136,0.996646522986351
M,chr1_9554166,0.14727838611358335,0.7659348706361895,-0.590954524280753,0.996646522986351
T,chr1_12719461,-0.15559465526177652,0.7667511176578279,0.6107090219024728,0.996646522986351
I,chr1_6550684,-0.18723020969705312,0.7673316466653335,3.1712116767438365,0.996646522986351
R,chr1_11519236,0.043387612733292016,0.7689925216619097,-0.17626217672899894,0.996646522986351
K,chr1_7778148,0.19200682170714628,0.7703949891026958,-1.3344474108646667,0.996646522986351
C,chr1_1817840,0.26564676242354407,0.771294193684531,-1.0592664651638812,0.996646522986351
N,chr1_9879197,-0.1319290600473236,0.7727933212674482,1.447921434019377,0.996646522986351
Q,chr1_11254146,0.24223505085635844,0.7728462962860572,-2.9007647340048917,0.996646522986351
N,chr1_9930713,-0.18874660884799124,0.7741911011909163,0.934295713797557,0.996646522986351
C,chr1_1615792,0.18565216491979075,0.7744427254346808,-0.7472499638021579,0.996646522986351
O,chr1_10276184,-0.26625985407069913,0.7753138551781242,5.0689219718709335,0.996646522986351
P,chr1_10961948,0.14226397840402602,0.7776243928428684,-0.7024283933698787,0.996646522986351
E,chr1_3069315,-0.12777797016894138,0.7797622670442843,0.38652835976104755,0.996646522986351
R,chr1_11650739,-0.18356828322983063,0.780231251700354,0.7250947187578308,0.996646522986351
E,chr1_3339251,0.12412618521918956,0.7803392504248193,-0.37393013297280875,0.996646522986351
E,chr1_2609036,0.09871428299558901,0.7829047620595527,-2.264258866211322,0.996646522986351
E,chr1_3069235,-0.39588823492191577,0.7835854177136576,1.5835529396876626,0.996646522986351
T,chr1_12368828,0.09555581087704877,0.7846002256175588,-0.28666743263114625,0.996646522986351
T,chr1_12354367,0.12500853484459934,0.7850832867848845,-1.1141385668024903,0.996646522986351
P,chr1_10659522,0.17880035458016735,0.7858039939504278,-0.885061755171829,0.996646522986351
N,chr1_10147498,0.0650328942262907,0.7867683499860244,-0.5706636468357009,0.996646522986351
O,chr1_10258677,-0.24630787988805783,0.7875452255076028,0.7358447911655721,0.996646522986351
O,chr1_10368250,-0.12417743235574843,0.7879343351073114,0.3570101180227767,0.996646522986351
I,chr1_6705477,0.1081861635669316,0.7883005761922919,-1.303643270981525,0.996646522986351
J,chr1_7569405,0.25030328611507874,0.7884617318919702,-1.2421300573460787,0.996646522986351
G,chr1_5947051,0.13655891856954883,0.7901915124918792,-0.5342867689033598,0.996646522986351
H,chr1_6297367,-0.17460371221282261,0.7907177612070573,0.6896846632406497,0.996646522986351
N,chr1_10127203,-0.08809050465024258,0.7910313398475766,1.0526815305703983,0.996646522986351
S,chr1_11992820,0.13495897578950364,0.791313812286361,-0.38632006819745385,0.996646522986351
F,chr1_5867597,0.17409341096272096,0.7913158120536692,-0.6876689733027477,0.996646522986351
E,chr1_3273093,-0.08871894159904258,0.7918438677823901,0.3404589383863259,0.996646522986351
B,chr1_1320289,0.10815625223366494,0.7933705890155545,-0.4258652431700556,0.996646522986351
B,chr1_1338405,-0.11355496045069735,0.7949189631029305,0.44428378276335345,0.996646522986351
I,chr1_6640064,0.22259920190895094,0.7961021508441956,-5.776449289537277,0.996646522986351
B,chr1_1312567,-0.14776587081812756,0.7985387069350349,0.42852102537256964,0.996646522986351
J,chr1_7751720,-0.09603270044042503,0.8005092975740279,1.3408565798994354,0.996646522986351
C,chr1_1757380,-0.08183371746826101,0.8026220446172632,1.3062707150871165,0.996646522986351
P,chr1_10954454,0.22825197497914185,0.8027988614569322,-7.763420298978064,0.996646522986351
N,chr1_10054784,-0.3572967000114756,0.8042478511564287,6.788637300218035,0.996646522986351
K,chr1_8450444,-0.22978969250340733,0.8054493781336615,0.680751964041344,0.996646522986351
R,chr1_11788059,0.11462627320209276,0.8065194829755262,-0.4570722643933447,0.996646522986351
F,chr1_4672075,-0.16520787163334383,0.8068791042771228,0.6484408961608734,0.996646522986351
T,chr1_12579477,-0.09220638962777278,0.8083060737962572,0.2731614292722769,0.996646522986351
F,chr1_3889972,-0.09859801553346176,0.8085500630583502,0.879987288636146,0.996646522986351
H,chr1_6159228,0.07910825823823885,0.8085890591295364,-1.256832452760019,0.996646522986351
L,chr1_9057293,0.07234881090965219,0.8089885255599691,-2.8867175552951214,0.996646522986351
I,chr1_6632047,0.07054326152479204,0.8145105260992398,-1.3306222705113893,0.996646522986351
I,chr1_6617108,0.14831326927832642,0.8147379776988113,-1.9188029212883482,0.996646522986351
L,chr1_8967964,0.09716570682237645,0.8162412931142662,-1.934812137100572,0.996646522986351
E,chr1_3401990,0.08769701460731748,0.8165080760712617,-0.3354410808729892,0.996646522986351
O,chr1_10432640,0.1808237332471709,0.8174282626716836,-1.078161509486256,0.996646522986351
S,chr1_12011400,0.1419019353540777,0.8176428317975385,-0.5693815156082368,0.996646522986351
O,chr1_10347959,0.06855169586804352,0.8181233275363402,-0.8800323957060091,0.996646522986351
R,chr1_11502165,-0.10604176004571672,0.8183417842696008,0.41091182017715194,0.996646522986351
G,chr1_6143741,-0.1506283050218845,0.8189380124883239,0.594981804836444,0.996646522986351
M,chr1_9653724,0.18465133780324974,0.8191222642996497,-0.7270646426002954,0.996646522986351
L,chr1_9082881,-0.09737671496378017,0.8196981408091744,1.4569990976455607,0.996646522986351
D,chr1_2053116,0.07088779162058875,0.8201132728952203,-0.98977079050247,0.996646522986351
S,chr1_12245019,0.07577602838750815,0.82353745576678,-0.30310411355003253,0.996646522986351
F,chr1_3852566,-0.052738160446601456,0.8253546619217095,0.46607349294684053,0.996646522986351
K,chr1_8343641,-0.060402538208198076,0.8261361803658204,0.24085512110518975,0.996646522986351
P,chr1_10624387,-0.20419658168733001,0.8267668239484172,1.0133255366233755,0.996646522986351
O,chr1_10178514,-0.061994107049801905,0.8271042789130068,0.25107613355169756,0.996646522986351
B,chr1_1343608,0.1974381787423787,0.8289947640260507,-0.5947825134614158,0.996646522986351
G,chr1_6121738,0.11395988018178525,0.8298893175485837,-0.3376061450385387,0.996646522986351
E,chr1_2588698,-0.08939311414661041,0.8300175402448929,0.3452809033912825,0.996646522986351
D,chr1_2390012,0.1378653578875385,0.831519241245679,-0.5549080654973426,0.996646522986351
Q,chr1_11129847,-0.14941075216100033,0.8320531373830176,0.5883048366339385,0.996646522986351
C,chr1_1912151,0.13835795410886348,0.8334708111568243,-2.483525276254099,0.996646522986351
O,chr1_10418774,-0.05218534209037749,0.833935169783063,0.8832369148796393,0.996646522986351
A,chr1_1050064,0.048432334079262174,0.8339373062725186,-0.7252742028369505,0.996646522986351
L,chr1_9082549,0.10003935358738253,0.8355533652989601,-1.0028945197135117,0.996646522986351
M,chr1_9750218,0.16516471553404363,0.8379414339049481,-0.6503360674152969,0.996646522986351
G,chr1_6073584,-0.09307299843749421,0.8382425817116931,0.3722919937499767,0.996646522986351
H,chr1_6225180,-0.1142698218862129,0.8400167896777153,0.45565091477127406,0.996646522986351
S,chr1_12176850,-0.08647904122299016,0.8409053191785725,0.3372682607696617,0.996646522986351
E,chr1_3431246,0.1264061365178455,0.8417251182712217,-0.49772416253901647,0.996646522986351
D,chr1_2229006,-0.07240053671301801,0.8420361131984687,0.28055207976294455,0.996646522986351
O,chr1_10352908,0.11482737443120528,0.8429596672770927,-0.4521327868228707,0.996646522986351
L,chr1_8863024,0.1835883898387795,0.8440224370267363,-0.7274689947361636,0.996646522986351
S,chr1_12267396,-0.05702683927979539,0.8463972846765103,0.3343198452778003,0.996646522986351
D,chr1_2135099,0.09364596835779118,0.8464646816350483,-0.3663898511998579,0.996646522986351
H,chr1_6168688,-0.06610169200504,0.8466239946686785,0.25118642961915205,0.996646522986351
Q,chr1_11125089,-0.05773071721406906,0.847883623789174,0.23236613678662796,0.996646522986351
L,chr1_8959316,0.06284561958889537,0.8497540266450292,-1.000030921708298,0.996646522986351
M,chr1_9596824,-0.05262429135915806,0.8501326983607065,0.1605040886454319,0.996646522986351
K,chr1_7798935,0.08647255236026309,0.8504163239658875,-0.3383238611095294,0.996646522986351
A,chr1_1040777,-0.07659013502193096,0.851099574456268,0.3819932984218808,0.996646522986351
C,chr1_1959937,0.0903958622191134,0.8517329530963813,-0.3536738109322811,0.996646522986351
Q,chr1_11030236,-0.10754496724260626,0.8528062981902826,0.4234583085177622,0.996646522986351
R,chr1_11775291,0.07757659582186531,0.853367053149374,-0.30642755349636785,0.996646522986351
K,chr1_7933996,-0.1262639273501642,0.8544597317490952,0.7528486668253542,0.996646522986351
G,chr1_6152381,-0.08266951086802332,0.8547056547544297,0.32241109238529087,0.996646522986351
I,chr1_6620009,0.04880498715916698,0.8553911355416175,-0.3349242243797834,0.996646522986351
P,chr1_11007612,-0.08352590099030108,0.8583823269376873,0.33305953019882484,0.996646522986351
C,chr1_1753123,-0.07096875060045223,0.8597462275202754,0.34863398732472184,0.996646522986351
L,chr1_9070838,0.060167266256067956,0.8614710517414993,-0.4745693125947359,0.996646522986351
O,chr1_10348780,0.04629862263579662,0.8627448023079256,-0.6418146562887304,0.996646522986351
N,chr1_9924762,-0.20273731006094486,0.8638396370353232,1.0111523339289632,0.996646522986351
P,chr1_10598880,0.058145889461296285,0.8645732493889409,-0.5763711292850995,0.996646522986351
P,chr1_10983830,-0.0758117274838201,0.8654361680556906,0.38190157719974416,0.996646522986351
S,chr1_12108900,-0.09233816826783961,0.8704305936223102,0.35896462914122634,0.996646522986351
O,chr1_10363706,0.0660298462961447,0.8711262176925594,-0.5992208551375131,0.996646522986351
R,chr1_11960866,-0.07133739721126886,0.8723325572641867,0.2799992840542307,0.996646522986351
M,chr1_9699027,0.08425612147147965,0.8729647157422091,-0.41180179369185677,0.996646522986351
R,chr1_11278868,0.09895957613721572,0.8734334044241112,-1.4806826579530885,0.996646522986351
M,chr1_9732048,0.22956985304758265,0.8735017839984132,-2.066128677428244,0.996646522986351
I,chr1_6630878,0.1313210757706469,0.8756986307607068,-1.5725698823534948,0.996646522986351
M,chr1_9730574,0.10243555216839495,0.876314528386845,-0.7119270875703452,0.996646522986351
O,chr1_10303017,-0.07529972774688787,0.8786368847276302,0.22025170365964683,0.996646522986351
O,chr1_10278845,-0.036778530833017194,0.8800778254973279,0.3259497295076146,0.996646522986351
B,chr1_1402296,-0.05249891740042067,0.8808472204325196,0.21130814253669328,0.996646522986351
K,chr1_7755728,0.1080588804203643,0.8808594065996611,-0.3241766412610926,0.996646522986351
L,chr1_8798996,0.10285801395424554,0.8865554431456306,-0.3085740418627366,0.996646522986351
M,chr1_9737835,0.0879100023900685,0.8874694993297493,-0.3483433844706465,0.996646522986351
B,chr1_1308670,0.06392914369523205,0.8891281439522997,-0.3779810620980593,0.996646522986351
Q,chr1_11037469,-0.12760259910380808,0.8912419096523236,0.37802269984503145,0.996646522986351
H,chr1_6318593,-0.1096117923649011,0.895252751671979,0.43844716945960455,0.996646522986351
F,chr1_3784994,0.025236436710637276,0.8960915451135504,-0.32334184535503996,0.996646522986351
J,chr1_7691980,0.07965482934721593,0.8998801346205575,-0.3136408905546627,0.996646522986351
C,chr1_1954876,-0.05683160575624657,0.9010635142262401,0.2827372386373269,0.996646522986351
L,chr1_8874732,0.07838799707893519,0.9037358532110331,-0.781920270862378,0.996646522986351
H,chr1_6325403,-0.019250781914915933,0.9067758512368335,0.24592873896305112,0.996646522986351
F,chr1_3682313,0.06080905326171032,0.9081371119664765,-0.2363951945548987,0.996646522986351
C,chr1_1623756,0.07470367660817323,0.9096358755212779,-0.2203758459941109,0.996646522986351
R,chr1_11858857,0.09878533599137396,0.9157026335190583,-1.181719581796811,0.996646522986351
K,chr1_7977869,-0.08835542875403249,0.916188608476398,0.35563060073498054,0.996646522986351
I,chr1_6636850,-0.04561548850018462,0.9166344965280104,0.18132156678823383,0.996646522986351
P,chr1_10658676,0.07075698073377637,0.9166429888263621,-0.2069641686462959,0.996646522986351
K,chr1_7962741,0.02482829305548919,0.9174943308537753,-0.46801332409597085,0.996646522986351
J,chr1_7321970,-0.043965896454828804,0.9180549190001815,0.17421486470225916,0.996646522986351
R,chr1_11294710,0.09320435284082706,0.9204494692090637,-0.27611789529095,0.996646522986351
M,chr1_9574560,-0.0572354656192669,0.9213545267028096,0.22536464587586313,0.996646522986351
Q,chr1_11127562,-0.08439168174744316,0.9219917541759892,0.7553055516396154,0.996646522986351
T,chr1_12578337,0.04335924302557423,0.9222011182911098,-0.30026275795210133,0.996646522986351
K,chr1_7766254,-0.06302874096205031,0.9237130528508701,0.5641072316103504,0.996646522986351
B,chr1_1455391,-0.13722218106817444,0.9241905636236324,0.6861109053408727,0.996646522986351
P,chr1_11008156,-0.043193662482511774,0.9249630786929529,0.514544504322922,0.996646522986351
B,chr1_1312716,0.04476203705161925,0.9262719535079071,-0.17513146996446,0.996646522986351
L,chr1_8862259,0.13249697319045584,0.9267938710942476,-0.3974909195713673,0.996646522986351
D,chr1_2194214,0.042269930048585425,0.9278242805747303,-0.16590947544069784,0.996646522986351
T,chr1_12644807,-0.040032831087506424,0.9304402368261468,0.19666128271737537,0.996646522986351
A,chr1_1048768,0.024490495759635578,0.9304822220514042,-0.537872513120996,0.996646522986351
B,chr1_1425300,-0.03157336770302048,0.9313368553625585,0.2806083054605943,0.996646522986351
S,chr1_12108813,0.05206354601533358,0.9332167723913405,-0.15423825507042566,0.996646522986351
G,chr1_5978219,0.03630873158608,0.9336006609503827,-0.14432720805466795,0.996646522986351
K,chr1_8014108,0.05262116591895632,0.9352957174518078,-0.20916913452785135,0.996646522986351
O,chr1_10376835,0.01814056034153437,0.9361548103050118,-0.2870743674047811,0.996646522986351
L,chr1_9045871,0.04972472467006851,0.9362105493082475,-1.0423545408963104,0.996646522986351
J,chr1_7160472,-0.02638226672590481,0.936629371966126,0.3142787523723408,0.996646522986351
A,chr1_1013926,-0.03791376634047139,0.9375276590398838,0.14833761080709423,0.996646522986351
K,chr1_8445685,0.031724528853503166,0.937881220930211,-0.3465904777245218,0.996646522986351
I,chr1_6575686,0.03548858200910474,0.9381258315488487,-0.8863273356773902,0.996646522986351
D,chr1_2252109,0.03552807230400834,0.9382515895272583,-0.17453165519344072,0.996646522986351
T,chr1_12762322,0.0440789791736349,0.9384241798236668,-0.13058397580189335,0.996646522986351
M,chr1_9773465,-0.026516061261939,0.9387099547185176,0.10639569581353026,0.996646522986351
T,chr1_12317747,-0.02573857865434153,0.9387263428683048,0.4871026010334135,0.996646522986351
K,chr1_7766577,0.04803023775107895,0.9418307814476277,-1.054263718636183,0.996646522986351
M,chr1_9749379,0.023716798522094545,0.9443734845359564,-0.09486719408837818,0.996646522986351
A,chr1_1170255,0.047163764668826394,0.9466416417655533,-0.280034852721158,0.996646522986351
O,chr1_10417713,0.03850962005717023,0.947039990096405,-0.5367278295468103,0.996646522986351
M,chr1_9570388,0.030973180505785444,0.948947321912036,-0.18312892974045603,0.996646522986351
S,chr1_12079950,-0.026065949828806,0.9496610324844705,0.44051455210682144,0.996646522986351
T,chr1_13417911,0.019879533913337258,0.9502482979304285,-0.41523376461483275,0.996646522986351
H,chr1_6460203,-0.03448539628288644,0.9514327063967452,0.10302512139512299,0.996646522986351
O,chr1_10341952,0.008632444717647604,0.9545765267326399,-0.1461041268461858,0.996646522986351
H,chr1_6253403,-0.020695096310964972,0.9571978987920817,0.07993480950110216,0.996646522986351
I,chr1_6473843,0.01509893351025304,0.9574651373794855,-0.07587214088902154,0.996646522986351
T,chr1_12324504,0.01360961567595418,0.9577673986667661,-0.12095545932004259,0.996646522986351
N,chr1_9797752,-0.024011011112083418,0.9611709701057956,0.11825422972701101,0.996646522986351
T,chr1_12322058,0.02316234917519197,0.9618107763126664,-0.09062269114793872,0.996646522986351
G,chr1_5969027,0.012605498149915087,0.9627488897392559,-0.1868765100724914,0.996646522986351
P,chr1_10656782,-0.014180677616162847,0.9628911845486381,0.0685990279681879,0.996646522986351
F,chr1_3707508,0.028776046063706956,0.9630594437154931,-0.11402508252743879,0.996646522986351
R,chr1_11722197,0.01857088311249505,0.9651870627009129,-0.07219430809982441,0.996646522986351
B,chr1_1316929,0.014621230686587591,0.9659290658578763,-0.05665726891052686,0.996646522986351
O,chr1_10404523,-0.010495101702780844,0.9670599844993177,0.13538681196587304,0.996646522986351
G,chr1_5953826,0.027083871398054703,0.9671797840619851,-0.10698129202231603,0.996646522986351
D,chr1_2007483,0.006024656542039431,0.9690989394357801,-0.01890235990064868,0.996646522986351
E,chr1_3465921,0.016396519273414935,0.9696649018749663,-0.06456129463907134,0.996646522986351
J,chr1_6834270,-0.052301772029912943,0.9710697149493424,0.941431896538433,0.996646522986351
M,chr1_9755565,0.032275861122170554,0.9724136569307753,-0.1601689608187712,0.996646522986351
N,chr1_10087943,-0.014034838875488703,0.9736154245076207,0.05508674258629348,0.996646522986351
D,chr1_2059516,0.012455268946375631,0.9742321395651237,-0.11038482103725436,0.996646522986351
J,chr1_7692529,-0.010636949030618223,0.9760623666171147,0.0433455672997693,0.996646522986351
S,chr1_12266746,0.008535216175896226,0.9769235271159687,-0.026352479943079432,0.996646522986351
I,chr1_6550038,-0.006520333393669815,0.9775070057447095,0.07685842987788294,0.996646522986351
C,chr1_1991100,-0.01757858438470833,0.9786949452067217,0.06943540831959738,0.996646522986351
F,chr1_4711823,-0.01087420704992624,0.9838718029219784,0.04281719025908455,0.996646522986351
C,chr1_1988218,-0.0033900605573216405,0.9842863618496371,0.023391417845519194,0.996646522986351
H,chr1_6264704,-0.0039455055654860245,0.9873567372774995,0.01607793517935563,0.996646522986351
N,chr1_9980465,-0.005174959628966216,0.98907923320619,0.04618651468852332,0.996646522986351
K,chr1_8010488,-0.005521550935542491,0.9897825175602661,0.02174110680869834,0.996646522986351
S,chr1_12253159,0.006882832062155859,0.9900702444960889,-0.11666400345354189,0.996646522986351
D,chr1_2498384,0.009211232816004148,0.991472602146297,-0.036384369623216506,0.996646522986351
C,chr1_1567233,0.004974079690708462,0.9921257478893708,-0.024559518472872965,0.996646522986351
L,chr1_8865208,0.0059620954657814695,0.9927732749492666,-0.017588181624055177,0.996646522986351
M,chr1_9554354,0.003432963440827684,0.9946658718329693,-0.016864432903065746,0.996646522986351
H,chr1_6462841,-0.0015699825770657955,0.9954960297010267,0.01242248714103289,0.996646522986351
S,chr1_12256691,0.0026063248905639214,0.9956292815620821,-0.051963602505616935,0.996646522986351
A,chr1_1228652,-0.0023550693890038027,0.9960506250365329,0.009273085719202469,0.996646522986351
T,chr1_13476120,-0.003922809186420628,0.996646522986351,0.01946694058761239,0.996646522986351
