tmp_id,chr,start,end,period,ref
chr1_923684,chr1,923684,923695,4,3
chr1_931132,chr1,931132,931143,4,3
chr1_935681,chr1,935681,935688,2,4
chr1_943675,chr1,943675,943686,4,3
chr1_947065,chr1,947065,947079,3,5
chr1_948123,chr1,948123,948130,2,4
chr1_955532,chr1,955532,955543,2,6
chr1_955866,chr1,955866,955873,2,4
chr1_962076,chr1,962076,962095,5,4
chr1_965316,chr1,965316,965327,4,3
chr1_970841,chr1,970841,970856,2,8
chr1_971311,chr1,971311,971322,4,3
chr1_973063,chr1,973063,973070,2,4
chr1_983732,chr1,983732,983740,1,9
chr1_999504,chr1,999504,999515,3,4
chr1_1004515,chr1,1004515,1004522,2,4
chr1_1007174,chr1,1007174,1007183,2,5
chr1_1013926,chr1,1013926,1013933,2,4
chr1_1020271,chr1,1020271,1020278,2,4
chr1_1035170,chr1,1035170,1035186,1,17
chr1_1040777,chr1,1040777,1040786,2,5
chr1_1043044,chr1,1043044,1043051,2,4
chr1_1043493,chr1,1043493,1043500,2,4
chr1_1043875,chr1,1043875,1043884,2,5
chr1_1044617,chr1,1044617,1044624,2,4
chr1_1044768,chr1,1044768,1044775,2,4
chr1_1044897,chr1,1044897,1044906,2,5
chr1_1045910,chr1,1045910,1045924,5,3
chr1_1047113,chr1,1047113,1047120,2,4
chr1_1048768,chr1,1048768,1048789,1,22
chr1_1050064,chr1,1050064,1050078,1,15
chr1_1051937,chr1,1051937,1051944,2,4
chr1_1053562,chr1,1053562,1053569,2,4
chr1_1090294,chr1,1090294,1090303,2,5
chr1_1090878,chr1,1090878,1090885,2,4
chr1_1111533,chr1,1111533,1111547,3,5
chr1_1170255,chr1,1170255,1170272,3,6
chr1_1182416,chr1,1182416,1182423,2,4
chr1_1203644,chr1,1203644,1203657,2,7
chr1_1204502,chr1,1204502,1204521,4,5
chr1_1212597,chr1,1212597,1212605,1,9
chr1_1223032,chr1,1223032,1223041,2,5
chr1_1228652,chr1,1228652,1228659,2,4
chr1_1228828,chr1,1228828,1228845,6,3
chr1_1232808,chr1,1232808,1232819,3,4
chr1_1235158,chr1,1235158,1235165,2,4
chr1_1243098,chr1,1243098,1243105,2,4
chr1_1243885,chr1,1243885,1243892,2,4
chr1_1244283,chr1,1244283,1244290,2,4
chr1_1256889,chr1,1256889,1256911,1,23
chr1_1257394,chr1,1257394,1257408,1,15
chr1_1263832,chr1,1263832,1263842,1,11
chr1_1268845,chr1,1268845,1268857,1,13
chr1_1269461,chr1,1269461,1269476,1,16
chr1_1285956,chr1,1285956,1285979,3,8
chr1_1293963,chr1,1293963,1293982,5,4
chr1_1295260,chr1,1295260,1295269,2,5
chr1_1302796,chr1,1302796,1302807,1,12
chr1_1308670,chr1,1308670,1308681,2,6
chr1_1309407,chr1,1309407,1309418,4,3
chr1_1312199,chr1,1312199,1312213,1,15
chr1_1312567,chr1,1312567,1312581,5,3
chr1_1312716,chr1,1312716,1312723,2,4
chr1_1313383,chr1,1313383,1313394,3,4
chr1_1315124,chr1,1315124,1315131,2,4
chr1_1315202,chr1,1315202,1315209,2,4
chr1_1316929,chr1,1316929,1316944,4,4
chr1_1318648,chr1,1318648,1318662,1,15
chr1_1320289,chr1,1320289,1320296,2,4
chr1_1326213,chr1,1326213,1326224,4,3
chr1_1326827,chr1,1326827,1326834,2,4
chr1_1333612,chr1,1333612,1333632,3,7
chr1_1338405,chr1,1338405,1338412,2,4
chr1_1339175,chr1,1339175,1339182,2,4
chr1_1341445,chr1,1341445,1341454,2,5
chr1_1343608,chr1,1343608,1343619,4,3
chr1_1343713,chr1,1343713,1343724,4,3
chr1_1348723,chr1,1348723,1348730,2,4
chr1_1349069,chr1,1349069,1349080,3,4
chr1_1358547,chr1,1358547,1358554,2,4
chr1_1359935,chr1,1359935,1359946,4,3
chr1_1361588,chr1,1361588,1361597,2,5
chr1_1361658,chr1,1361658,1361669,3,4
chr1_1373914,chr1,1373914,1373921,2,4
chr1_1374607,chr1,1374607,1374616,2,5
chr1_1390114,chr1,1390114,1390133,1,20
chr1_1390720,chr1,1390720,1390728,1,9
chr1_1391092,chr1,1391092,1391102,1,11
chr1_1391359,chr1,1391359,1391376,6,3
chr1_1395520,chr1,1395520,1395529,2,5
chr1_1398452,chr1,1398452,1398460,1,9
chr1_1399285,chr1,1399285,1399302,3,6
chr1_1402296,chr1,1402296,1402303,2,4
chr1_1406355,chr1,1406355,1406366,1,12
chr1_1420963,chr1,1420963,1420977,3,5
chr1_1425300,chr1,1425300,1425308,1,9
chr1_1426153,chr1,1426153,1426164,3,4
chr1_1433092,chr1,1433092,1433099,2,4
chr1_1436717,chr1,1436717,1436724,2,4
chr1_1455391,chr1,1455391,1455400,2,5
chr1_1456592,chr1,1456592,1456603,4,3
chr1_1459581,chr1,1459581,1459588,2,4
chr1_1540350,chr1,1540350,1540369,5,4
chr1_1544884,chr1,1544884,1544891,2,4
chr1_1564386,chr1,1564386,1564397,4,3
chr1_1567233,chr1,1567233,1567242,2,5
chr1_1615792,chr1,1615792,1615799,2,4
chr1_1623756,chr1,1623756,1623770,5,3
chr1_1626606,chr1,1626606,1626613,2,4
chr1_1629642,chr1,1629642,1629649,2,4
chr1_1732413,chr1,1732413,1732420,2,4
chr1_1752910,chr1,1752910,1752936,3,9
chr1_1753123,chr1,1753123,1753142,4,5
chr1_1757010,chr1,1757010,1757017,2,4
chr1_1757380,chr1,1757380,1757395,1,16
chr1_1759200,chr1,1759200,1759207,2,4
chr1_1761844,chr1,1761844,1761851,2,4
chr1_1787642,chr1,1787642,1787649,2,4
chr1_1793065,chr1,1793065,1793077,1,13
chr1_1804306,chr1,1804306,1804325,4,5
chr1_1815273,chr1,1815273,1815280,2,4
chr1_1816337,chr1,1816337,1816344,2,4
chr1_1817840,chr1,1817840,1817847,2,4
chr1_1825380,chr1,1825380,1825387,2,4
chr1_1825865,chr1,1825865,1825878,1,14
chr1_1840532,chr1,1840532,1840559,2,14
chr1_1859484,chr1,1859484,1859495,4,3
chr1_1860057,chr1,1860057,1860065,1,9
chr1_1860713,chr1,1860713,1860721,1,9
chr1_1912151,chr1,1912151,1912168,1,18
chr1_1917612,chr1,1917612,1917619,2,4
chr1_1919158,chr1,1919158,1919165,2,4
chr1_1923120,chr1,1923120,1923127,2,4
chr1_1933186,chr1,1933186,1933202,1,17
chr1_1954876,chr1,1954876,1954885,2,5
chr1_1956407,chr1,1956407,1956418,3,4
chr1_1959266,chr1,1959266,1959275,1,10
chr1_1959937,chr1,1959937,1959944,2,4
chr1_1966220,chr1,1966220,1966227,2,4
chr1_1970555,chr1,1970555,1970562,2,4
chr1_1972842,chr1,1972842,1972861,4,5
chr1_1975191,chr1,1975191,1975198,2,4
chr1_1980778,chr1,1980778,1980785,2,4
chr1_1985075,chr1,1985075,1985084,2,5
chr1_1985425,chr1,1985425,1985432,2,4
chr1_1985849,chr1,1985849,1985860,4,3
chr1_1988218,chr1,1988218,1988231,2,7
chr1_1988825,chr1,1988825,1988848,6,4
chr1_1988996,chr1,1988996,1989009,1,14
chr1_1991100,chr1,1991100,1991107,2,4
chr1_2007483,chr1,2007483,2007500,6,3
chr1_2007630,chr1,2007630,2007658,1,29
chr1_2018335,chr1,2018335,2018389,5,11
chr1_2025850,chr1,2025850,2025861,4,3
chr1_2026248,chr1,2026248,2026255,2,4
chr1_2029061,chr1,2029061,2029075,5,3
chr1_2053116,chr1,2053116,2053129,1,14
chr1_2055288,chr1,2055288,2055295,2,4
chr1_2059516,chr1,2059516,2059533,2,9
chr1_2101512,chr1,2101512,2101539,4,7
chr1_2135099,chr1,2135099,2135106,2,4
chr1_2135406,chr1,2135406,2135413,2,4
chr1_2135697,chr1,2135697,2135704,2,4
chr1_2151672,chr1,2151672,2151680,1,9
chr1_2155789,chr1,2155789,2155800,3,4
chr1_2162132,chr1,2162132,2162146,5,3
chr1_2169262,chr1,2169262,2169269,2,4
chr1_2175410,chr1,2175410,2175424,5,3
chr1_2192907,chr1,2192907,2192924,3,6
chr1_2194214,chr1,2194214,2194221,2,4
chr1_2207073,chr1,2207073,2207080,2,4
chr1_2216127,chr1,2216127,2216151,5,5
chr1_2229006,chr1,2229006,2229017,3,4
chr1_2252109,chr1,2252109,2252123,3,5
chr1_2286739,chr1,2286739,2286750,4,3
chr1_2347352,chr1,2347352,2347359,2,4
chr1_2352189,chr1,2352189,2352198,1,10
chr1_2379282,chr1,2379282,2379291,2,5
chr1_2384823,chr1,2384823,2384830,2,4
chr1_2390012,chr1,2390012,2390019,2,4
chr1_2402056,chr1,2402056,2402067,3,4
chr1_2402479,chr1,2402479,2402486,2,4
chr1_2410326,chr1,2410326,2410333,2,4
chr1_2415884,chr1,2415884,2415895,3,4
chr1_2422275,chr1,2422275,2422290,4,4
chr1_2445737,chr1,2445737,2445748,3,4
chr1_2458070,chr1,2458070,2458079,2,5
chr1_2476450,chr1,2476450,2476461,3,4
chr1_2477717,chr1,2477717,2477731,5,3
chr1_2480493,chr1,2480493,2480504,4,3
chr1_2491445,chr1,2491445,2491452,2,4
chr1_2493441,chr1,2493441,2493448,2,4
chr1_2498384,chr1,2498384,2498399,4,4
chr1_2502586,chr1,2502586,2502601,4,4
chr1_2503726,chr1,2503726,2503737,3,4
chr1_2504392,chr1,2504392,2504403,3,4
chr1_2511391,chr1,2511391,2511402,2,6
chr1_2513696,chr1,2513696,2513707,4,3
chr1_2515793,chr1,2515793,2515802,2,5
chr1_2520696,chr1,2520696,2520707,4,3
chr1_2521343,chr1,2521343,2521350,2,4
chr1_2526786,chr1,2526786,2526801,4,4
chr1_2556549,chr1,2556549,2556572,6,4
chr1_2565361,chr1,2565361,2565372,4,3
chr1_2587714,chr1,2587714,2587721,2,4
chr1_2588698,chr1,2588698,2588705,2,4
chr1_2591095,chr1,2591095,2591106,4,3
chr1_2594500,chr1,2594500,2594507,2,4
chr1_2598811,chr1,2598811,2598838,2,14
chr1_2606077,chr1,2606077,2606088,3,4
chr1_2609036,chr1,2609036,2609081,2,23
chr1_2609871,chr1,2609871,2609878,2,4
chr1_2629381,chr1,2629381,2629401,3,7
chr1_3069057,chr1,3069057,3069080,3,8
chr1_3069235,chr1,3069235,3069242,2,4
chr1_3069315,chr1,3069315,3069329,5,3
chr1_3143475,chr1,3143475,3143486,3,4
chr1_3143814,chr1,3143814,3143821,2,4
chr1_3176153,chr1,3176153,3176192,4,10
chr1_3186581,chr1,3186581,3186588,2,4
chr1_3273093,chr1,3273093,3273100,2,4
chr1_3336459,chr1,3336459,3336468,2,5
chr1_3339251,chr1,3339251,3339262,4,3
chr1_3363811,chr1,3363811,3363822,4,3
chr1_3383265,chr1,3383265,3383272,2,4
chr1_3401926,chr1,3401926,3401933,2,4
chr1_3401990,chr1,3401990,3401997,2,4
chr1_3402777,chr1,3402777,3402784,2,4
chr1_3408876,chr1,3408876,3408889,2,7
chr1_3426481,chr1,3426481,3426488,2,4
chr1_3430941,chr1,3430941,3430952,3,4
chr1_3431246,chr1,3431246,3431253,2,4
chr1_3433649,chr1,3433649,3433658,2,5
chr1_3457878,chr1,3457878,3457885,2,4
chr1_3458366,chr1,3458366,3458373,2,4
chr1_3465921,chr1,3465921,3465932,3,4
chr1_3466467,chr1,3466467,3466474,2,4
chr1_3467157,chr1,3467157,3467164,2,4
chr1_3473007,chr1,3473007,3473018,2,6
chr1_3473423,chr1,3473423,3473430,2,4
chr1_3476033,chr1,3476033,3476040,2,4
chr1_3477562,chr1,3477562,3477569,2,4
chr1_3479547,chr1,3479547,3479554,2,4
chr1_3490969,chr1,3490969,3490976,2,4
chr1_3507604,chr1,3507604,3507611,2,4
chr1_3536674,chr1,3536674,3536683,2,5
chr1_3557026,chr1,3557026,3557035,2,5
chr1_3558262,chr1,3558262,3558269,2,4
chr1_3562167,chr1,3562167,3562174,2,4
chr1_3595135,chr1,3595135,3595142,2,4
chr1_3628714,chr1,3628714,3628725,3,4
chr1_3631661,chr1,3631661,3631672,4,3
chr1_3633299,chr1,3633299,3633309,1,11
chr1_3637332,chr1,3637332,3637339,2,4
chr1_3682313,chr1,3682313,3682328,4,4
chr1_3692995,chr1,3692995,3693006,4,3
chr1_3707508,chr1,3707508,3707515,2,4
chr1_3717610,chr1,3717610,3717621,3,4
chr1_3727197,chr1,3727197,3727208,3,4
chr1_3729422,chr1,3729422,3729433,3,4
chr1_3756929,chr1,3756929,3756936,2,4
chr1_3770895,chr1,3770895,3770906,4,3
chr1_3771287,chr1,3771287,3771298,3,4
chr1_3778592,chr1,3778592,3778606,5,3
chr1_3780975,chr1,3780975,3780985,1,11
chr1_3782642,chr1,3782642,3782649,2,4
chr1_3784994,chr1,3784994,3785006,1,13
chr1_3795054,chr1,3795054,3795077,1,24
chr1_3821360,chr1,3821360,3821374,5,3
chr1_3825871,chr1,3825871,3825885,5,3
chr1_3826789,chr1,3826789,3826800,4,3
chr1_3827383,chr1,3827383,3827392,1,10
chr1_3833608,chr1,3833608,3833619,4,3
chr1_3835161,chr1,3835161,3835174,1,14
chr1_3836138,chr1,3836138,3836146,1,9
chr1_3836305,chr1,3836305,3836323,1,19
chr1_3836469,chr1,3836469,3836492,1,24
chr1_3844699,chr1,3844699,3844707,1,9
chr1_3847833,chr1,3847833,3847853,3,7
chr1_3848532,chr1,3848532,3848547,1,16
chr1_3852508,chr1,3852508,3852515,2,4
chr1_3852566,chr1,3852566,3852574,1,9
chr1_3865074,chr1,3865074,3865084,1,11
chr1_3868660,chr1,3868660,3868674,5,3
chr1_3872415,chr1,3872415,3872427,1,13
chr1_3883005,chr1,3883005,3883020,1,16
chr1_3883926,chr1,3883926,3883940,5,3
chr1_3889701,chr1,3889701,3889725,1,25
chr1_3889972,chr1,3889972,3889998,3,9
chr1_4668322,chr1,4668322,4668379,2,29
chr1_4669523,chr1,4669523,4669534,4,3
chr1_4672075,chr1,4672075,4672082,2,4
chr1_4711823,chr1,4711823,4711830,2,4
chr1_4712267,chr1,4712267,4712284,6,3
chr1_4712523,chr1,4712523,4712555,3,11
chr1_4773139,chr1,4773139,4773147,1,9
chr1_4775064,chr1,4775064,4775075,4,3
chr1_4787271,chr1,4787271,4787278,2,4
chr1_5867597,chr1,5867597,5867604,2,4
chr1_5874756,chr1,5874756,5874763,2,4
chr1_5881594,chr1,5881594,5881601,2,4
chr1_5902096,chr1,5902096,5902103,2,4
chr1_5902176,chr1,5902176,5902187,4,3
chr1_5904563,chr1,5904563,5904570,2,4
chr1_5918110,chr1,5918110,5918121,4,3
chr1_5928029,chr1,5928029,5928036,2,4
chr1_5928177,chr1,5928177,5928196,5,4
chr1_5932661,chr1,5932661,5932676,1,16
chr1_5944961,chr1,5944961,5944980,5,4
chr1_5946353,chr1,5946353,5946360,2,4
chr1_5947051,chr1,5947051,5947058,2,4
chr1_5947875,chr1,5947875,5947883,1,9
chr1_5953826,chr1,5953826,5953833,2,4
chr1_5962174,chr1,5962174,5962193,4,5
chr1_5962496,chr1,5962496,5962511,4,4
chr1_5968602,chr1,5968602,5968615,1,14
chr1_5969027,chr1,5969027,5969041,1,15
chr1_5969300,chr1,5969300,5969307,2,4
chr1_5978040,chr1,5978040,5978054,5,3
chr1_5978219,chr1,5978219,5978226,2,4
chr1_5979330,chr1,5979330,5979359,5,6
chr1_6031725,chr1,6031725,6031740,1,16
chr1_6041776,chr1,6041776,6041785,2,5
chr1_6056054,chr1,6056054,6056062,1,9
chr1_6073003,chr1,6073003,6073010,2,4
chr1_6073584,chr1,6073584,6073591,2,4
chr1_6073883,chr1,6073883,6073894,4,3
chr1_6084810,chr1,6084810,6084822,1,13
chr1_6094505,chr1,6094505,6094512,2,4
chr1_6111235,chr1,6111235,6111252,6,3
chr1_6112436,chr1,6112436,6112445,2,5
chr1_6112680,chr1,6112680,6112687,2,4
chr1_6121456,chr1,6121456,6121463,2,4
chr1_6121738,chr1,6121738,6121752,5,3
chr1_6124664,chr1,6124664,6124679,1,16
chr1_6125792,chr1,6125792,6125809,6,3
chr1_6126551,chr1,6126551,6126562,4,3
chr1_6132252,chr1,6132252,6132259,2,4
chr1_6132881,chr1,6132881,6132910,2,15
chr1_6134913,chr1,6134913,6134920,2,4
chr1_6139539,chr1,6139539,6139554,1,16
chr1_6142333,chr1,6142333,6142340,2,4
chr1_6143062,chr1,6143062,6143074,1,13
chr1_6143741,chr1,6143741,6143748,2,4
chr1_6146726,chr1,6146726,6146733,2,4
chr1_6149001,chr1,6149001,6149012,3,4
chr1_6149136,chr1,6149136,6149147,4,3
chr1_6149531,chr1,6149531,6149542,4,3
chr1_6149595,chr1,6149595,6149618,4,6
chr1_6152381,chr1,6152381,6152388,2,4
chr1_6153172,chr1,6153172,6153179,2,4
chr1_6154769,chr1,6154769,6154780,3,4
chr1_6159228,chr1,6159228,6159259,2,16
chr1_6166200,chr1,6166200,6166207,2,4
chr1_6168268,chr1,6168268,6168279,3,4
chr1_6168688,chr1,6168688,6168695,2,4
chr1_6192699,chr1,6192699,6192712,1,14
chr1_6192907,chr1,6192907,6192916,2,5
chr1_6197465,chr1,6197465,6197472,2,4
chr1_6208927,chr1,6208927,6208934,2,4
chr1_6211066,chr1,6211066,6211077,3,4
chr1_6215332,chr1,6215332,6215349,1,18
chr1_6215670,chr1,6215670,6215681,4,3
chr1_6219262,chr1,6219262,6219269,2,4
chr1_6225180,chr1,6225180,6225191,3,4
chr1_6225471,chr1,6225471,6225478,2,4
chr1_6231859,chr1,6231859,6231877,1,19
chr1_6232126,chr1,6232126,6232133,2,4
chr1_6233852,chr1,6233852,6233866,5,3
chr1_6236785,chr1,6236785,6236799,1,15
chr1_6244467,chr1,6244467,6244478,4,3
chr1_6253403,chr1,6253403,6253418,4,4
chr1_6264704,chr1,6264704,6264711,2,4
chr1_6273705,chr1,6273705,6273716,4,3
chr1_6284092,chr1,6284092,6284099,2,4
chr1_6297367,chr1,6297367,6297374,2,4
chr1_6318593,chr1,6318593,6318600,2,4
chr1_6322639,chr1,6322639,6322650,2,6
chr1_6324949,chr1,6324949,6324963,5,3
chr1_6325403,chr1,6325403,6325415,1,13
chr1_6325481,chr1,6325481,6325492,4,3
chr1_6327386,chr1,6327386,6327403,3,6
chr1_6337469,chr1,6337469,6337480,4,3
chr1_6350266,chr1,6350266,6350280,3,5
chr1_6351756,chr1,6351756,6351763,2,4
chr1_6378900,chr1,6378900,6378913,1,14
chr1_6379465,chr1,6379465,6379475,1,11
chr1_6380271,chr1,6380271,6380278,2,4
chr1_6396554,chr1,6396554,6396576,1,23
chr1_6397260,chr1,6397260,6397272,1,13
chr1_6399001,chr1,6399001,6399014,2,7
chr1_6419664,chr1,6419664,6419673,2,5
chr1_6419960,chr1,6419960,6419979,5,4
chr1_6460203,chr1,6460203,6460214,4,3
chr1_6461155,chr1,6461155,6461174,5,4
chr1_6461776,chr1,6461776,6461783,2,4
chr1_6462841,chr1,6462841,6462856,2,8
chr1_6464415,chr1,6464415,6464426,4,3
chr1_6465294,chr1,6465294,6465305,4,3
chr1_6469123,chr1,6469123,6469179,3,19
chr1_6470492,chr1,6470492,6470499,2,4
chr1_6473843,chr1,6473843,6473852,2,5
chr1_6474946,chr1,6474946,6474959,2,7
chr1_6475952,chr1,6475952,6475969,3,6
chr1_6525486,chr1,6525486,6525497,4,3
chr1_6533317,chr1,6533317,6533324,2,4
chr1_6542036,chr1,6542036,6542043,2,4
chr1_6542164,chr1,6542164,6542179,1,16
chr1_6548139,chr1,6548139,6548163,1,25
chr1_6549266,chr1,6549266,6549289,4,6
chr1_6550038,chr1,6550038,6550049,1,12
chr1_6550684,chr1,6550684,6550700,1,17
chr1_6554118,chr1,6554118,6554129,3,4
chr1_6570634,chr1,6570634,6570653,2,10
chr1_6574728,chr1,6574728,6574742,3,5
chr1_6575513,chr1,6575513,6575532,5,4
chr1_6575686,chr1,6575686,6575710,1,25
chr1_6578785,chr1,6578785,6578802,3,6
chr1_6580523,chr1,6580523,6580530,2,4
chr1_6587557,chr1,6587557,6587568,2,6
chr1_6588135,chr1,6588135,6588142,2,4
chr1_6589013,chr1,6589013,6589024,3,4
chr1_6598887,chr1,6598887,6598901,5,3
chr1_6602175,chr1,6602175,6602189,5,3
chr1_6602242,chr1,6602242,6602249,2,4
chr1_6613797,chr1,6613797,6613811,3,5
chr1_6614039,chr1,6614039,6614056,3,6
chr1_6617108,chr1,6617108,6617120,1,13
chr1_6619484,chr1,6619484,6619495,3,4
chr1_6620009,chr1,6620009,6620029,3,7
chr1_6625174,chr1,6625174,6625185,3,4
chr1_6630270,chr1,6630270,6630277,2,4
chr1_6630878,chr1,6630878,6630889,1,12
chr1_6632047,chr1,6632047,6632065,1,19
chr1_6632214,chr1,6632214,6632227,1,14
chr1_6633917,chr1,6633917,6633926,1,10
chr1_6635562,chr1,6635562,6635573,3,4
chr1_6636850,chr1,6636850,6636865,4,4
chr1_6636992,chr1,6636992,6636999,2,4
chr1_6640064,chr1,6640064,6640089,1,26
chr1_6643879,chr1,6643879,6643888,1,10
chr1_6644129,chr1,6644129,6644148,1,20
chr1_6644931,chr1,6644931,6644938,2,4
chr1_6646106,chr1,6646106,6646115,1,10
chr1_6650880,chr1,6650880,6650891,4,3
chr1_6652430,chr1,6652430,6652445,4,4
chr1_6667744,chr1,6667744,6667755,2,6
chr1_6678427,chr1,6678427,6678434,2,4
chr1_6689775,chr1,6689775,6689789,1,15
chr1_6705477,chr1,6705477,6705488,1,12
chr1_6834270,chr1,6834270,6834287,1,18
chr1_6834571,chr1,6834571,6834578,2,4
chr1_6834638,chr1,6834638,6834655,1,18
chr1_6869189,chr1,6869189,6869196,2,4
chr1_6903989,chr1,6903989,6903996,2,4
chr1_6904109,chr1,6904109,6904116,2,4
chr1_6969984,chr1,6969984,6969995,3,4
chr1_6976296,chr1,6976296,6976307,2,6
chr1_6976531,chr1,6976531,6976538,2,4
chr1_7058546,chr1,7058546,7058557,4,3
chr1_7073587,chr1,7073587,7073598,2,6
chr1_7082441,chr1,7082441,7082492,4,13
chr1_7086263,chr1,7086263,7086274,3,4
chr1_7090965,chr1,7090965,7090976,3,4
chr1_7135390,chr1,7135390,7135401,4,3
chr1_7160472,chr1,7160472,7160483,1,12
chr1_7177826,chr1,7177826,7177833,2,4
chr1_7186177,chr1,7186177,7186186,2,5
chr1_7191952,chr1,7191952,7191959,2,4
chr1_7209090,chr1,7209090,7209107,3,6
chr1_7261196,chr1,7261196,7261207,4,3
chr1_7287161,chr1,7287161,7287170,2,5
chr1_7287491,chr1,7287491,7287505,3,5
chr1_7321970,chr1,7321970,7321977,2,4
chr1_7322780,chr1,7322780,7322791,3,4
chr1_7352210,chr1,7352210,7352217,2,4
chr1_7352511,chr1,7352511,7352518,2,4
chr1_7467770,chr1,7467770,7467797,4,7
chr1_7479996,chr1,7479996,7480003,2,4
chr1_7530177,chr1,7530177,7530184,2,4
chr1_7531172,chr1,7531172,7531199,4,7
chr1_7550014,chr1,7550014,7550025,3,4
chr1_7569405,chr1,7569405,7569419,3,5
chr1_7569621,chr1,7569621,7569635,3,5
chr1_7569766,chr1,7569766,7569777,3,4
chr1_7578778,chr1,7578778,7578787,2,5
chr1_7584229,chr1,7584229,7584236,2,4
chr1_7654383,chr1,7654383,7654398,4,4
chr1_7661712,chr1,7661712,7661719,2,4
chr1_7688520,chr1,7688520,7688527,2,4
chr1_7691980,chr1,7691980,7691995,4,4
chr1_7692359,chr1,7692359,7692366,2,4
chr1_7692529,chr1,7692529,7692544,4,4
chr1_7695748,chr1,7695748,7695755,2,4
chr1_7726218,chr1,7726218,7726226,1,9
chr1_7732090,chr1,7732090,7732101,4,3
chr1_7745130,chr1,7745130,7745141,4,3
chr1_7746258,chr1,7746258,7746265,2,4
chr1_7747907,chr1,7747907,7747930,1,24
chr1_7751720,chr1,7751720,7751733,1,14
chr1_7755327,chr1,7755327,7755352,1,26
chr1_7755515,chr1,7755515,7755526,4,3
chr1_7755728,chr1,7755728,7755739,4,3
chr1_7766254,chr1,7766254,7766262,1,9
chr1_7766435,chr1,7766435,7766449,5,3
chr1_7766577,chr1,7766577,7766620,2,22
chr1_7776888,chr1,7776888,7776899,3,4
chr1_7778148,chr1,7778148,7778168,3,7
chr1_7778534,chr1,7778534,7778549,1,16
chr1_7785423,chr1,7785423,7785431,1,9
chr1_7793849,chr1,7793849,7793858,2,5
chr1_7798935,chr1,7798935,7798942,2,4
chr1_7819793,chr1,7819793,7819807,1,15
chr1_7826213,chr1,7826213,7826220,2,4
chr1_7830264,chr1,7830264,7830278,1,15
chr1_7836982,chr1,7836982,7836993,4,3
chr1_7841289,chr1,7841289,7841302,1,14
chr1_7844034,chr1,7844034,7844042,1,9
chr1_7852885,chr1,7852885,7852894,1,10
chr1_7920649,chr1,7920649,7920663,1,15
chr1_7920851,chr1,7920851,7920865,3,5
chr1_7920926,chr1,7920926,7920935,1,10
chr1_7925303,chr1,7925303,7925315,1,13
chr1_7927058,chr1,7927058,7927073,1,16
chr1_7933996,chr1,7933996,7934007,2,6
chr1_7934712,chr1,7934712,7934741,5,6
chr1_7942209,chr1,7942209,7942241,3,11
chr1_7962741,chr1,7962741,7962759,1,19
chr1_7965244,chr1,7965244,7965259,1,16
chr1_7969441,chr1,7969441,7969450,1,10
chr1_7970563,chr1,7970563,7970570,2,4
chr1_7977758,chr1,7977758,7977773,4,4
chr1_7977869,chr1,7977869,7977876,2,4
chr1_8010488,chr1,8010488,8010499,3,4
chr1_8012922,chr1,8012922,8012929,2,4
chr1_8014108,chr1,8014108,8014115,2,4
chr1_8014860,chr1,8014860,8014867,2,4
chr1_8029740,chr1,8029740,8029765,2,13
chr1_8325426,chr1,8325426,8325435,1,10
chr1_8337800,chr1,8337800,8337811,4,3
chr1_8343641,chr1,8343641,8343648,2,4
chr1_8352652,chr1,8352652,8352659,2,4
chr1_8356001,chr1,8356001,8356020,4,5
chr1_8362803,chr1,8362803,8362814,4,3
chr1_8388318,chr1,8388318,8388330,1,13
chr1_8445685,chr1,8445685,8445695,1,11
chr1_8450444,chr1,8450444,8450455,4,3
chr1_8461760,chr1,8461760,8461771,3,4
chr1_8461844,chr1,8461844,8461855,3,4
chr1_8463776,chr1,8463776,8463783,2,4
chr1_8467571,chr1,8467571,8467578,2,4
chr1_8495313,chr1,8495313,8495332,1,20
chr1_8497805,chr1,8497805,8497812,2,4
chr1_8508281,chr1,8508281,8508288,2,4
chr1_8510325,chr1,8510325,8510333,1,9
chr1_8515642,chr1,8515642,8515662,3,7
chr1_8515866,chr1,8515866,8515877,2,6
chr1_8529754,chr1,8529754,8529771,3,6
chr1_8541132,chr1,8541132,8541161,2,15
chr1_8661666,chr1,8661666,8661675,2,5
chr1_8663604,chr1,8663604,8663619,4,4
chr1_8665840,chr1,8665840,8665847,2,4
chr1_8737156,chr1,8737156,8737164,1,9
chr1_8787017,chr1,8787017,8787024,2,4
chr1_8798688,chr1,8798688,8798709,1,22
chr1_8798996,chr1,8798996,8799013,6,3
chr1_8799533,chr1,8799533,8799544,4,3
chr1_8806525,chr1,8806525,8806542,3,6
chr1_8807059,chr1,8807059,8807070,3,4
chr1_8862259,chr1,8862259,8862270,4,3
chr1_8863024,chr1,8863024,8863031,2,4
chr1_8865208,chr1,8865208,8865219,4,3
chr1_8866077,chr1,8866077,8866101,1,25
chr1_8867553,chr1,8867553,8867573,1,21
chr1_8874732,chr1,8874732,8874741,1,10
chr1_8957343,chr1,8957343,8957354,4,3
chr1_8958764,chr1,8958764,8958771,2,4
chr1_8959316,chr1,8959316,8959331,1,16
chr1_8962696,chr1,8962696,8962713,6,3
chr1_8967964,chr1,8967964,8967983,1,20
chr1_8971241,chr1,8971241,8971248,2,4
chr1_9013709,chr1,9013709,9013716,2,4
chr1_9037387,chr1,9037387,9037394,2,4
chr1_9038886,chr1,9038886,9038900,3,5
chr1_9045871,chr1,9045871,9045891,1,21
chr1_9046976,chr1,9046976,9046997,2,11
chr1_9057293,chr1,9057293,9057332,1,40
chr1_9069602,chr1,9069602,9069609,2,4
chr1_9070838,chr1,9070838,9070853,2,8
chr1_9073765,chr1,9073765,9073776,4,3
chr1_9082549,chr1,9082549,9082558,1,10
chr1_9082881,chr1,9082881,9082895,1,15
chr1_9087846,chr1,9087846,9087859,2,7
chr1_9108260,chr1,9108260,9108280,3,7
chr1_9128688,chr1,9128688,9128695,2,4
chr1_9131231,chr1,9131231,9131251,1,21
chr1_9241192,chr1,9241192,9241207,4,4
chr1_9251437,chr1,9251437,9251472,3,12
chr1_9261508,chr1,9261508,9261519,4,3
chr1_9324669,chr1,9324669,9324676,2,4
chr1_9335814,chr1,9335814,9335825,4,3
chr1_9542809,chr1,9542809,9542826,6,3
chr1_9554166,chr1,9554166,9554185,5,4
chr1_9554354,chr1,9554354,9554373,4,5
chr1_9567028,chr1,9567028,9567043,1,16
chr1_9570388,chr1,9570388,9570399,2,6
chr1_9573330,chr1,9573330,9573341,1,12
chr1_9573457,chr1,9573457,9573468,1,12
chr1_9574560,chr1,9574560,9574567,2,4
chr1_9575616,chr1,9575616,9575624,1,9
chr1_9576334,chr1,9576334,9576341,2,4
chr1_9582282,chr1,9582282,9582293,2,6
chr1_9582702,chr1,9582702,9582710,1,9
chr1_9596824,chr1,9596824,9596835,4,3
chr1_9598742,chr1,9598742,9598761,5,4
chr1_9607753,chr1,9607753,9607760,2,4
chr1_9610013,chr1,9610013,9610020,2,4
chr1_9610488,chr1,9610488,9610503,4,4
chr1_9612941,chr1,9612941,9612952,4,3
chr1_9653724,chr1,9653724,9653731,2,4
chr1_9661386,chr1,9661386,9661400,5,3
chr1_9662168,chr1,9662168,9662179,1,12
chr1_9662697,chr1,9662697,9662706,1,10
chr1_9665753,chr1,9665753,9665764,1,12
chr1_9691434,chr1,9691434,9691453,4,5
chr1_9699027,chr1,9699027,9699046,4,5
chr1_9710778,chr1,9710778,9710801,4,6
chr1_9712267,chr1,9712267,9712281,5,3
chr1_9715009,chr1,9715009,9715026,1,18
chr1_9725046,chr1,9725046,9725053,2,4
chr1_9730574,chr1,9730574,9730594,3,7
chr1_9730649,chr1,9730649,9730678,6,5
chr1_9731040,chr1,9731040,9731047,2,4
chr1_9731627,chr1,9731627,9731634,2,4
chr1_9732048,chr1,9732048,9732056,1,9
chr1_9737835,chr1,9737835,9737842,2,4
chr1_9738278,chr1,9738278,9738287,2,5
chr1_9738488,chr1,9738488,9738495,2,4
chr1_9741133,chr1,9741133,9741144,4,3
chr1_9743527,chr1,9743527,9743534,2,4
chr1_9743725,chr1,9743725,9743737,1,13
chr1_9749379,chr1,9749379,9749386,2,4
chr1_9749688,chr1,9749688,9749695,2,4
chr1_9750218,chr1,9750218,9750229,3,4
chr1_9751339,chr1,9751339,9751348,2,5
chr1_9751730,chr1,9751730,9751745,2,8
chr1_9755105,chr1,9755105,9755116,4,3
chr1_9755565,chr1,9755565,9755574,2,5
chr1_9773124,chr1,9773124,9773132,1,9
chr1_9773465,chr1,9773465,9773472,2,4
chr1_9773654,chr1,9773654,9773662,1,9
chr1_9779852,chr1,9779852,9779866,1,15
chr1_9781447,chr1,9781447,9781460,1,14
chr1_9786649,chr1,9786649,9786673,1,25
chr1_9797644,chr1,9797644,9797658,5,3
chr1_9797752,chr1,9797752,9797761,2,5
chr1_9807012,chr1,9807012,9807020,1,9
chr1_9859402,chr1,9859402,9859409,2,4
chr1_9869364,chr1,9869364,9869388,5,5
chr1_9879197,chr1,9879197,9879207,1,11
chr1_9884686,chr1,9884686,9884693,2,4
chr1_9903190,chr1,9903190,9903201,4,3
chr1_9924762,chr1,9924762,9924776,3,5
chr1_9930713,chr1,9930713,9930732,4,5
chr1_9931258,chr1,9931258,9931281,4,6
chr1_9932102,chr1,9932102,9932117,1,16
chr1_9932686,chr1,9932686,9932705,1,20
chr1_9935131,chr1,9935131,9935142,1,12
chr1_9971974,chr1,9971974,9971982,1,9
chr1_9972495,chr1,9972495,9972509,1,15
chr1_9972774,chr1,9972774,9972781,2,4
chr1_9973111,chr1,9973111,9973130,4,5
chr1_9975498,chr1,9975498,9975512,5,3
chr1_9980465,chr1,9980465,9980473,1,9
chr1_9981241,chr1,9981241,9981253,1,13
chr1_9981868,chr1,9981868,9981880,1,13
chr1_9982962,chr1,9982962,9982969,2,4
chr1_9997162,chr1,9997162,9997169,2,4
chr1_9997347,chr1,9997347,9997358,3,4
chr1_10008054,chr1,10008054,10008067,1,14
chr1_10014276,chr1,10014276,10014283,2,4
chr1_10054784,chr1,10054784,10054802,1,19
chr1_10059809,chr1,10059809,10059817,1,9
chr1_10071577,chr1,10071577,10071584,2,4
chr1_10071697,chr1,10071697,10071708,4,3
chr1_10087943,chr1,10087943,10087950,2,4
chr1_10091614,chr1,10091614,10091623,1,10
chr1_10095544,chr1,10095544,10095551,2,4
chr1_10103045,chr1,10103045,10103056,4,3
chr1_10105265,chr1,10105265,10105272,2,4
chr1_10117623,chr1,10117623,10117634,1,12
chr1_10119518,chr1,10119518,10119529,4,3
chr1_10121406,chr1,10121406,10121421,4,4
chr1_10127203,chr1,10127203,10127214,1,12
chr1_10136921,chr1,10136921,10136948,4,7
chr1_10144747,chr1,10144747,10144762,4,4
chr1_10145442,chr1,10145442,10145450,1,9
chr1_10147498,chr1,10147498,10147506,1,9
chr1_10147837,chr1,10147837,10147851,3,5
chr1_10148226,chr1,10148226,10148240,1,15
chr1_10151163,chr1,10151163,10151176,1,14
chr1_10168892,chr1,10168892,10168907,1,16
chr1_10178349,chr1,10178349,10178357,1,9
chr1_10178514,chr1,10178514,10178521,2,4
chr1_10179929,chr1,10179929,10179936,2,4
chr1_10180297,chr1,10180297,10180305,1,9
chr1_10232088,chr1,10232088,10232107,5,4
chr1_10232302,chr1,10232302,10232313,2,6
chr1_10258306,chr1,10258306,10258317,2,6
chr1_10258677,chr1,10258677,10258691,5,3
chr1_10276184,chr1,10276184,10276202,1,19
chr1_10278252,chr1,10278252,10278276,5,5
chr1_10278845,chr1,10278845,10278853,1,9
chr1_10290863,chr1,10290863,10290874,1,12
chr1_10291710,chr1,10291710,10291723,1,14
chr1_10294861,chr1,10294861,10294876,4,4
chr1_10295374,chr1,10295374,10295382,1,9
chr1_10297149,chr1,10297149,10297165,1,17
chr1_10303017,chr1,10303017,10303031,5,3
chr1_10321411,chr1,10321411,10321419,1,9
chr1_10324143,chr1,10324143,10324150,2,4
chr1_10324654,chr1,10324654,10324666,1,13
chr1_10324987,chr1,10324987,10324995,1,9
chr1_10326542,chr1,10326542,10326549,2,4
chr1_10334150,chr1,10334150,10334169,1,20
chr1_10334296,chr1,10334296,10334303,2,4
chr1_10334943,chr1,10334943,10334956,1,14
chr1_10339509,chr1,10339509,10339516,2,4
chr1_10341952,chr1,10341952,10341968,1,17
chr1_10346070,chr1,10346070,10346093,6,4
chr1_10347959,chr1,10347959,10347971,1,13
chr1_10348780,chr1,10348780,10348793,1,14
chr1_10352908,chr1,10352908,10352923,4,4
chr1_10360685,chr1,10360685,10360702,1,18
chr1_10362018,chr1,10362018,10362029,4,3
chr1_10363706,chr1,10363706,10363714,1,9
chr1_10365006,chr1,10365006,10365021,1,16
chr1_10368250,chr1,10368250,10368261,4,3
chr1_10370976,chr1,10370976,10370991,4,4
chr1_10372810,chr1,10372810,10372821,4,3
chr1_10375386,chr1,10375386,10375406,3,7
chr1_10376835,chr1,10376835,10376866,2,16
chr1_10400660,chr1,10400660,10400670,1,11
chr1_10404523,chr1,10404523,10404535,1,13
chr1_10407949,chr1,10407949,10407967,1,19
chr1_10417713,chr1,10417713,10417726,1,14
chr1_10418774,chr1,10418774,10418790,1,17
chr1_10418999,chr1,10418999,10419010,1,12
chr1_10419175,chr1,10419175,10419198,1,24
chr1_10432640,chr1,10432640,10432657,3,6
chr1_10442082,chr1,10442082,10442101,1,20
chr1_10450241,chr1,10450241,10450258,3,6
chr1_10450393,chr1,10450393,10450404,2,6
chr1_10451274,chr1,10451274,10451284,1,11
chr1_10461323,chr1,10461323,10461332,1,10
chr1_10466666,chr1,10466666,10466675,1,10
chr1_10466953,chr1,10466953,10466979,1,27
chr1_10467399,chr1,10467399,10467408,2,5
chr1_10467515,chr1,10467515,10467528,1,14
chr1_10494918,chr1,10494918,10494925,2,4
chr1_10496551,chr1,10496551,10496558,2,4
chr1_10521178,chr1,10521178,10521192,5,3
chr1_10536198,chr1,10536198,10536207,2,5
chr1_10555637,chr1,10555637,10555666,2,15
chr1_10587178,chr1,10587178,10587185,2,4
chr1_10587445,chr1,10587445,10587460,4,4
chr1_10588220,chr1,10588220,10588230,1,11
chr1_10591636,chr1,10591636,10591677,2,21
chr1_10598880,chr1,10598880,10598889,1,10
chr1_10599816,chr1,10599816,10599827,4,3
chr1_10624387,chr1,10624387,10624401,3,5
chr1_10654659,chr1,10654659,10654666,2,4
chr1_10656782,chr1,10656782,10656811,6,5
chr1_10658676,chr1,10658676,10658690,5,3
chr1_10659522,chr1,10659522,10659531,2,5
chr1_10662707,chr1,10662707,10662716,2,5
chr1_10663965,chr1,10663965,10663984,5,4
chr1_10670537,chr1,10670537,10670544,2,4
chr1_10671078,chr1,10671078,10671089,4,3
chr1_10680830,chr1,10680830,10680837,2,4
chr1_10693691,chr1,10693691,10693705,3,5
chr1_10736285,chr1,10736285,10736292,2,4
chr1_10774967,chr1,10774967,10774978,2,6
chr1_10784555,chr1,10784555,10784574,5,4
chr1_10790386,chr1,10790386,10790393,2,4
chr1_10948864,chr1,10948864,10948871,2,4
chr1_10954379,chr1,10954379,10954390,3,4
chr1_10954454,chr1,10954454,10954487,1,34
chr1_10956820,chr1,10956820,10956831,2,6
chr1_10961948,chr1,10961948,10961967,4,5
chr1_10962065,chr1,10962065,10962076,3,4
chr1_10966325,chr1,10966325,10966342,1,18
chr1_10976334,chr1,10976334,10976351,1,18
chr1_10977486,chr1,10977486,10977505,4,5
chr1_10983660,chr1,10983660,10983672,1,13
chr1_10983830,chr1,10983830,10983839,2,5
chr1_11007612,chr1,11007612,11007619,2,4
chr1_11008156,chr1,11008156,11008167,1,12
chr1_11013504,chr1,11013504,11013515,4,3
chr1_11014011,chr1,11014011,11014018,2,4
chr1_11017199,chr1,11017199,11017220,1,22
chr1_11020751,chr1,11020751,11020765,1,15
chr1_11020913,chr1,11020913,11020923,1,11
chr1_11030236,chr1,11030236,11030243,2,4
chr1_11034701,chr1,11034701,11034714,1,14
chr1_11037046,chr1,11037046,11037060,5,3
chr1_11037469,chr1,11037469,11037480,4,3
chr1_11047358,chr1,11047358,11047369,4,3
chr1_11055121,chr1,11055121,11055138,1,18
chr1_11056875,chr1,11056875,11056895,1,21
chr1_11059289,chr1,11059289,11059296,2,4
chr1_11068723,chr1,11068723,11068730,2,4
chr1_11069700,chr1,11069700,11069711,2,6
chr1_11070070,chr1,11070070,11070086,1,17
chr1_11073878,chr1,11073878,11073900,1,23
chr1_11074414,chr1,11074414,11074427,1,14
chr1_11076346,chr1,11076346,11076359,1,14
chr1_11090661,chr1,11090661,11090668,2,4
chr1_11090761,chr1,11090761,11090769,1,9
chr1_11091283,chr1,11091283,11091294,4,3
chr1_11091666,chr1,11091666,11091677,4,3
chr1_11095719,chr1,11095719,11095733,5,3
chr1_11107908,chr1,11107908,11107919,4,3
chr1_11108986,chr1,11108986,11109001,4,4
chr1_11115060,chr1,11115060,11115074,1,15
chr1_11122014,chr1,11122014,11122025,3,4
chr1_11122205,chr1,11122205,11122221,1,17
chr1_11125089,chr1,11125089,11125096,2,4
chr1_11127147,chr1,11127147,11127154,2,4
chr1_11127562,chr1,11127562,11127570,1,9
chr1_11128755,chr1,11128755,11128762,2,4
chr1_11129847,chr1,11129847,11129854,2,4
chr1_11130247,chr1,11130247,11130258,2,6
chr1_11130357,chr1,11130357,11130364,2,4
chr1_11134061,chr1,11134061,11134072,1,12
chr1_11139510,chr1,11139510,11139521,4,3
chr1_11146797,chr1,11146797,11146806,2,5
chr1_11156985,chr1,11156985,11156992,2,4
chr1_11167246,chr1,11167246,11167265,1,20
chr1_11168212,chr1,11168212,11168227,1,16
chr1_11193311,chr1,11193311,11193323,1,13
chr1_11230411,chr1,11230411,11230422,4,3
chr1_11231241,chr1,11231241,11231248,2,4
chr1_11231740,chr1,11231740,11231751,3,4
chr1_11233137,chr1,11233137,11233144,2,4
chr1_11233311,chr1,11233311,11233321,1,11
chr1_11234314,chr1,11234314,11234321,2,4
chr1_11238767,chr1,11238767,11238780,1,14
chr1_11248097,chr1,11248097,11248104,2,4
chr1_11254146,chr1,11254146,11254157,1,12
chr1_11255847,chr1,11255847,11255865,1,19
chr1_11259172,chr1,11259172,11259180,1,9
chr1_11275975,chr1,11275975,11275982,2,4
chr1_11276326,chr1,11276326,11276339,1,14
chr1_11278868,chr1,11278868,11278882,1,15
chr1_11280231,chr1,11280231,11280238,2,4
chr1_11294710,chr1,11294710,11294721,4,3
chr1_11500674,chr1,11500674,11500683,1,10
chr1_11502165,chr1,11502165,11502188,6,4
chr1_11502524,chr1,11502524,11502531,2,4
chr1_11502919,chr1,11502919,11502926,2,4
chr1_11519236,chr1,11519236,11519243,2,4
chr1_11533738,chr1,11533738,11533747,2,5
chr1_11648540,chr1,11648540,11648547,2,4
chr1_11648971,chr1,11648971,11649005,5,7
chr1_11650739,chr1,11650739,11650750,3,4
chr1_11658325,chr1,11658325,11658332,2,4
chr1_11660945,chr1,11660945,11660957,1,13
chr1_11671871,chr1,11671871,11671879,1,9
chr1_11673432,chr1,11673432,11673439,2,4
chr1_11674321,chr1,11674321,11674332,4,3
chr1_11674661,chr1,11674661,11674668,2,4
chr1_11676922,chr1,11676922,11676933,3,4
chr1_11692144,chr1,11692144,11692151,2,4
chr1_11706202,chr1,11706202,11706209,2,4
chr1_11715197,chr1,11715197,11715204,2,4
chr1_11722197,chr1,11722197,11722204,2,4
chr1_11736112,chr1,11736112,11736131,5,4
chr1_11772046,chr1,11772046,11772053,2,4
chr1_11775291,chr1,11775291,11775302,3,4
chr1_11788059,chr1,11788059,11788066,2,4
chr1_11797197,chr1,11797197,11797216,1,20
chr1_11800971,chr1,11800971,11800978,2,4
chr1_11806287,chr1,11806287,11806316,3,10
chr1_11807150,chr1,11807150,11807164,3,5
chr1_11822569,chr1,11822569,11822576,2,4
chr1_11823478,chr1,11823478,11823499,1,22
chr1_11826068,chr1,11826068,11826079,1,12
chr1_11827071,chr1,11827071,11827078,2,4
chr1_11828966,chr1,11828966,11828973,2,4
chr1_11833021,chr1,11833021,11833033,1,13
chr1_11836342,chr1,11836342,11836351,2,5
chr1_11838205,chr1,11838205,11838216,3,4
chr1_11857683,chr1,11857683,11857690,2,4
chr1_11858857,chr1,11858857,11858892,3,12
chr1_11944423,chr1,11944423,11944462,2,20
chr1_11957802,chr1,11957802,11957813,4,3
chr1_11960866,chr1,11960866,11960873,2,4
chr1_11963709,chr1,11963709,11963723,3,5
chr1_11966106,chr1,11966106,11966113,2,4
chr1_11983046,chr1,11983046,11983061,4,4
chr1_11984307,chr1,11984307,11984314,2,4
chr1_11984802,chr1,11984802,11984809,2,4
chr1_11986317,chr1,11986317,11986328,2,6
chr1_11992732,chr1,11992732,11992743,4,3
chr1_11992820,chr1,11992820,11992831,4,3
chr1_11997039,chr1,11997039,11997057,1,19
chr1_11998550,chr1,11998550,11998574,5,5
chr1_12003665,chr1,12003665,12003680,1,16
chr1_12005849,chr1,12005849,12005856,2,4
chr1_12009576,chr1,12009576,12009583,2,4
chr1_12011400,chr1,12011400,12011407,2,4
chr1_12013195,chr1,12013195,12013205,1,11
chr1_12017405,chr1,12017405,12017422,1,18
chr1_12028676,chr1,12028676,12028688,1,13
chr1_12063495,chr1,12063495,12063502,2,4
chr1_12063894,chr1,12063894,12063905,4,3
chr1_12079950,chr1,12079950,12079966,1,17
chr1_12096790,chr1,12096790,12096807,2,9
chr1_12097231,chr1,12097231,12097238,2,4
chr1_12108813,chr1,12108813,12108824,4,3
chr1_12108900,chr1,12108900,12108907,2,4
chr1_12115948,chr1,12115948,12115956,1,9
chr1_12117013,chr1,12117013,12117027,5,3
chr1_12135316,chr1,12135316,12135333,1,18
chr1_12138147,chr1,12138147,12138156,1,10
chr1_12142535,chr1,12142535,12142549,5,3
chr1_12167701,chr1,12167701,12167708,2,4
chr1_12176850,chr1,12176850,12176861,3,4
chr1_12188942,chr1,12188942,12188949,2,4
chr1_12190007,chr1,12190007,12190018,3,4
chr1_12191640,chr1,12191640,12191647,2,4
chr1_12192847,chr1,12192847,12192858,3,4
chr1_12194040,chr1,12194040,12194055,4,4
chr1_12195690,chr1,12195690,12195701,3,4
chr1_12207363,chr1,12207363,12207390,4,7
chr1_12236390,chr1,12236390,12236398,1,9
chr1_12245019,chr1,12245019,12245026,2,4
chr1_12253159,chr1,12253159,12253175,1,17
chr1_12254204,chr1,12254204,12254219,4,4
chr1_12256691,chr1,12256691,12256710,1,20
chr1_12260416,chr1,12260416,12260425,1,10
chr1_12266746,chr1,12266746,12266757,4,3
chr1_12267396,chr1,12267396,12267407,2,6
chr1_12268250,chr1,12268250,12268270,1,21
chr1_12268886,chr1,12268886,12268897,4,3
chr1_12270883,chr1,12270883,12270895,1,13
chr1_12279554,chr1,12279554,12279561,2,4
chr1_12290722,chr1,12290722,12290737,1,16
chr1_12290788,chr1,12290788,12290804,1,17
chr1_12308649,chr1,12308649,12308663,1,15
chr1_12317747,chr1,12317747,12317765,1,19
chr1_12318606,chr1,12318606,12318614,1,9
chr1_12322058,chr1,12322058,12322077,5,4
chr1_12323249,chr1,12323249,12323258,1,10
chr1_12324504,chr1,12324504,12324512,1,9
chr1_12327922,chr1,12327922,12327932,1,11
chr1_12337989,chr1,12337989,12338003,1,15
chr1_12338370,chr1,12338370,12338379,1,10
chr1_12343144,chr1,12343144,12343188,5,9
chr1_12346277,chr1,12346277,12346300,6,4
chr1_12348631,chr1,12348631,12348641,1,11
chr1_12349412,chr1,12349412,12349426,1,15
chr1_12354367,chr1,12354367,12354375,1,9
chr1_12358004,chr1,12358004,12358019,1,16
chr1_12368828,chr1,12368828,12368839,4,3
chr1_12369217,chr1,12369217,12369254,2,19
chr1_12379772,chr1,12379772,12379786,1,15
chr1_12384617,chr1,12384617,12384640,4,6
chr1_12385394,chr1,12385394,12385405,4,3
chr1_12401458,chr1,12401458,12401465,2,4
chr1_12404167,chr1,12404167,12404182,1,16
chr1_12405981,chr1,12405981,12405988,2,4
chr1_12414766,chr1,12414766,12414775,2,5
chr1_12425134,chr1,12425134,12425143,1,10
chr1_12456155,chr1,12456155,12456166,3,4
chr1_12496857,chr1,12496857,12496898,6,7
chr1_12508692,chr1,12508692,12508707,1,16
chr1_12572764,chr1,12572764,12572775,3,4
chr1_12578337,chr1,12578337,12578350,2,7
chr1_12579477,chr1,12579477,12579488,4,3
chr1_12594281,chr1,12594281,12594292,4,3
chr1_12608562,chr1,12608562,12608579,6,3
chr1_12643017,chr1,12643017,12643032,4,4
chr1_12644062,chr1,12644062,12644076,5,3
chr1_12644440,chr1,12644440,12644451,2,6
chr1_12644807,chr1,12644807,12644816,2,5
chr1_12666671,chr1,12666671,12666680,2,5
chr1_12715774,chr1,12715774,12715785,4,3
chr1_12716646,chr1,12716646,12716657,3,4
chr1_12719461,chr1,12719461,12719468,2,4
chr1_12725526,chr1,12725526,12725534,1,9
chr1_12726343,chr1,12726343,12726350,2,4
chr1_12762322,chr1,12762322,12762333,4,3
chr1_12762535,chr1,12762535,12762546,4,3
chr1_13417911,chr1,13417911,13417952,2,21
chr1_13420683,chr1,13420683,13420690,2,4
chr1_13476120,chr1,13476120,13476129,2,5
chr1_13476255,chr1,13476255,13476268,1,14
chr1_13507427,chr1,13507427,13507434,2,4
